2.0093,2.0094,2.0095,2.0096,2.0096,2.0093,2.0093,2.0092,2.0091,2.009,0,2.0093,2.0094,2.0095,2.0096,2.0096,2.0094,2.0093,2.0092,2.0091,2.009,0,2.0092,2.0094,2.0095,2.0095,2.0096,2.0094,2.0093,2.0092,2.0091,2.009,0,2.0092,2.0093,2.0094,2.0095,2.0095,2.0094,2.0094,2.0093,2.0092,2.0091,0,2.0092,2.0093,2.0094,2.0095,2.0095,2.0095,2.0094,2.0093,2.0092,2.0091,0,2.0091,2.0093,2.0094,2.0094,2.0095,2.0095,2.0094,2.0094,2.0093,2.0092,0,2.0091,2.0092,2.0093,2.0094,2.0094,2.0095,2.0095,2.0094,2.0093,2.0092,0,2.0091,2.0092,2.0093,2.0093,2.0094,2.0096,2.0095,2.0094,2.0094,2.0092,0,2.009,2.0091,2.0092,2.0093,2.0094,2.0096,2.0096,2.0095,2.0094,2.0093,0,2.009,2.0091,2.0092,2.0093,2.0093,2.0096,2.0096,2.0095,2.0094,2.0093,0,0,0,0,0,0,0,0,0,0,0,0
2.0094,2.0095,2.0096,2.0097,2.0097,2.0094,2.0094,2.0094,2.0093,2.0091,0,2.0094,2.0095,2.0096,2.0097,2.0097,2.0095,2.0094,2.0093,2.0092,2.0091,0,2.0093,2.0094,2.0095,2.0096,2.0097,2.0095,2.0094,2.0093,2.0092,2.0091,0,2.0093,2.0094,2.0095,2.0096,2.0096,2.0095,2.0095,2.0094,2.0093,2.0092,0,2.0092,2.0094,2.0095,2.0095,2.0096,2.0096,2.0095,2.0094,2.0093,2.0092,0,2.0092,2.0093,2.0094,2.0095,2.0096,2.0096,2.0095,2.0095,2.0094,2.0092,0,2.0092,2.0093,2.0094,2.0095,2.0095,2.0096,2.0096,2.0095,2.0094,2.0093,0,2.0091,2.0092,2.0093,2.0094,2.0095,2.0097,2.0096,2.0095,2.0094,2.0093,0,2.0091,2.0092,2.0093,2.0094,2.0095,2.0097,2.0097,2.0096,2.0095,2.0094,0,2.0092,2.0093,2.0094,2.0094,2.0094,2.0097,2.0097,2.0096,2.0095,2.0094,0,0,0,0,0,0,0,0,0,0,0,0
2.0094,2.0096,2.0097,2.0098,2.0098,2.0096,2.0096,2.0095,2.0094,2.0093,0,2.0094,2.0095,2.0096,2.0097,2.0098,2.0096,2.0096,2.0095,2.0094,2.0092,0,2.0094,2.0095,2.0096,2.0097,2.0097,2.0096,2.0095,2.0095,2.0093,2.0092,0,2.0093,2.0094,2.0095,2.0096,2.0097,2.0096,2.0095,2.0094,2.0093,2.0092,0,2.0093,2.0094,2.0095,2.0096,2.0097,2.0096,2.0095,2.0094,2.0093,2.0092,0,2.0092,2.0093,2.0094,2.0095,2.0096,2.0097,2.0096,2.0095,2.0094,2.0093,0,2.0092,2.0093,2.0094,2.0095,2.0096,2.0097,2.0096,2.0095,2.0094,2.0093,0,2.0092,2.0093,2.0095,2.0095,2.0096,2.0097,2.0097,2.0096,2.0095,2.0094,0,2.0092,2.0094,2.0095,2.0096,2.0096,2.0098,2.0097,2.0096,2.0095,2.0094,0,2.0093,2.0094,2.0095,2.0096,2.0096,2.0098,2.0098,2.0097,2.0096,2.0094,0,0,0,0,0,0,0,0,0,0,0,0
2.0094,2.0096,2.0097,2.0098,20,20,2.0116,2.0097,2.0095,2.0094,0,2.0094,2.0095,2.0096,2.0097,20,20,2.0104,2.0096,2.0095,2.0093,0,2.0094,2.0095,2.0096,2.0097,20,20,2.0097,2.0096,2.0095,2.0093,0,2.0093,2.0094,2.0095,2.0097,20,20,2.0097,2.0096,2.0094,2.0093,0,2.0093,2.0094,2.0095,2.0096,20,20,2.0096,2.0095,2.0094,2.0092,0,2.0092,2.0094,2.0095,2.0096,20,20,2.0096,2.0095,2.0094,2.0093,0,2.0093,2.0094,2.0096,2.0097,20,20,2.0097,2.0095,2.0094,2.0093,0,2.0093,2.0095,2.0096,2.0097,20,20,2.0097,2.0096,2.0095,2.0094,0,2.0093,2.0095,2.0096,2.0104,20,20,2.0097,2.0096,2.0095,2.0094,0,2.0094,2.0095,2.0097,2.0116,20,20,2.0098,2.0097,2.0096,2.0095,0,0,0,0,0,0,0,0,0,0,0,0
2.0094,2.0095,2.0096,20,20,20,20,2.0116,2.0096,2.0094,0,2.0094,2.0095,2.0096,20,20,20,20,2.0104,2.0096,2.0094,0,2.0093,2.0094,2.0095,20,20,20,20,2.0097,2.0095,2.0094,0,2.0093,2.0094,2.0096,20,20,20,20,2.0097,2.0095,2.0093,0,2.0093,2.0094,2.0096,20,20,20,20,2.0096,2.0095,2.0093,0,2.0093,2.0095,2.0096,20,20,20,20,2.0096,2.0094,2.0093,0,2.0093,2.0095,2.0097,20,20,20,20,2.0096,2.0094,2.0093,0,2.0094,2.0095,2.0097,20,20,20,20,2.0095,2.0094,2.0093,0,2.0094,2.0096,2.0104,20,20,20,20,2.0096,2.0095,2.0094,0,2.0094,2.0096,2.0116,20,20,20,20,2.0096,2.0095,2.0094,0,0,0,0,0,0,0,0,0,0,0,0
2.0096,2.0097,2.0098,20,20,20,20,2.087,2.0094,2.0093,0,2.0096,2.0097,2.0097,20,20,20,20,2.0096,2.0094,2.0093,0,2.0096,2.0096,2.0097,20,20,20,20,2.0095,2.0094,2.0093,0,2.0095,2.0096,2.0097,20,20,20,20,2.0095,2.0095,2.0094,0,2.0095,2.0096,2.0096,20,20,20,20,2.0096,2.0095,2.0094,0,2.0094,2.0095,2.0096,20,20,20,20,2.0096,2.0095,2.0095,0,2.0094,2.0095,2.0095,20,20,20,20,2.0097,2.0096,2.0095,0,2.0094,2.0094,2.0095,20,20,20,20,2.0097,2.0096,2.0095,0,2.0093,2.0094,2.0096,20,20,20,20,2.0097,2.0097,2.0096,0,2.0093,2.0094,2.0869,20,20,20,20,2.0098,2.0097,2.0096,0,0,0,0,0,0,0,0,0,0,0,0
2.0096,2.0097,2.0097,2.0097,20,20,20,2.0096,2.0094,2.0092,0,2.0095,2.0096,2.0097,2.0097,20,20,20,2.0096,2.0094,2.0092,0,2.0095,2.0096,2.0096,2.0096,20,20,19.997,2.0095,2.0093,2.0093,0,2.0095,2.0095,2.0096,2.3142,20,20,12.687,2.0095,2.0094,2.0093,0,2.0094,2.0095,2.0095,3.7384,20,20,6.9621,2.0095,2.0094,2.0094,0,2.0094,2.0094,2.0095,6.9616,20,20,3.7384,2.0095,2.0095,2.0094,0,2.0093,2.0094,2.0095,12.685,20,20,2.3142,2.0096,2.0095,2.0094,0,2.0093,2.0093,2.0095,19.994,20,20,2.0096,2.0096,2.0096,2.0095,0,2.0092,2.0094,2.0096,20,20,20,2.0097,2.0097,2.0096,2.0095,0,2.0092,2.0094,2.0096,20,20,20,2.0097,2.0097,2.0097,2.0096,0,0,0,0,0,0,0,0,0,0,0,0
2.0095,2.0096,2.0096,2.0096,2.0095,2.115,2.01,2.0095,2.0094,2.0092,0,2.0095,2.0095,2.0096,2.0095,2.0095,2.0967,2.0096,2.0095,2.0093,2.0092,0,2.0094,2.0095,2.0095,2.0095,2.0096,2.0736,2.0096,2.0095,2.0093,2.0092,0,2.0094,2.0094,2.0095,2.0095,2.0096,2.0491,2.0096,2.0094,2.0093,2.0092,0,2.0093,2.0094,2.0094,2.0095,2.0096,2.0252,2.0095,2.0094,2.0093,2.0093,0,2.0093,2.0093,2.0094,2.0095,2.0252,2.0096,2.0095,2.0094,2.0094,2.0093,0,2.0093,2.0093,2.0094,2.0096,2.0491,2.0096,2.0095,2.0095,2.0094,2.0094,0,2.0092,2.0093,2.0095,2.0096,2.0736,2.0096,2.0095,2.0095,2.0095,2.0094,0,2.0092,2.0093,2.0095,2.0096,2.0967,2.0095,2.0095,2.0096,2.0095,2.0094,0,2.0092,2.0094,2.0095,2.01,2.1149,2.0095,2.0096,2.0096,2.0096,2.0095,0,0,0,0,0,0,0,0,0,0,0,0
2.0094,2.0095,2.0095,2.0095,2.0094,2.0096,2.0095,2.0094,2.0093,2.0091,0,2.0094,2.0094,2.0095,2.0094,2.0094,2.0096,2.0095,2.0094,2.0093,2.0091,0,2.0093,2.0094,2.0094,2.0094,2.0094,2.0095,2.0095,2.0094,2.0092,2.0091,0,2.0093,2.0093,2.0094,2.0094,2.0094,2.0095,2.0094,2.0093,2.0092,2.0092,0,2.0093,2.0093,2.0093,2.0094,2.0095,2.0095,2.0094,2.0093,2.0093,2.0092,0,2.0092,2.0093,2.0093,2.0094,2.0095,2.0095,2.0094,2.0093,2.0093,2.0092,0,2.0092,2.0092,2.0093,2.0094,2.0095,2.0094,2.0094,2.0094,2.0093,2.0093,0,2.0091,2.0092,2.0094,2.0095,2.0095,2.0094,2.0094,2.0094,2.0094,2.0093,0,2.0091,2.0093,2.0094,2.0095,2.0096,2.0094,2.0094,2.0095,2.0094,2.0094,0,2.0091,2.0093,2.0094,2.0095,2.0096,2.0094,2.0095,2.0095,2.0095,2.0094,0,0,0,0,0,0,0,0,0,0,0,0
2.0093,2.0094,2.0094,2.0094,2.0093,2.0094,2.0094,2.0093,2.0092,2.009,0,2.0093,2.0093,2.0093,2.0093,2.0093,2.0094,2.0093,2.0093,2.0091,2.009,0,2.0092,2.0093,2.0093,2.0093,2.0093,2.0094,2.0093,2.0092,2.0091,2.009,0,2.0092,2.0092,2.0093,2.0093,2.0093,2.0093,2.0093,2.0092,2.0091,2.0091,0,2.0091,2.0092,2.0092,2.0092,2.0093,2.0093,2.0093,2.0092,2.0092,2.0091,0,2.0091,2.0092,2.0092,2.0093,2.0093,2.0093,2.0092,2.0092,2.0092,2.0091,0,2.0091,2.0091,2.0092,2.0093,2.0093,2.0093,2.0093,2.0093,2.0092,2.0092,0,2.009,2.0091,2.0092,2.0093,2.0094,2.0093,2.0093,2.0093,2.0093,2.0092,0,2.009,2.0091,2.0093,2.0093,2.0094,2.0093,2.0093,2.0093,2.0093,2.0092,0,2.009,2.0092,2.0093,2.0094,2.0094,2.0093,2.0094,2.0094,2.0093,2.0093,0,0,0,0,0,0,0,0,0,0,0,0
0,0,0,0,0,0,0,0,0,0,0,0,0,0,0,0,0,0,0,0,0,0,0,0,0,0,0,0,0,0,0,0,0,0,0,0,0,0,0,0,0,0,0,0,0,0,0,0,0,0,0,0,0,0,0,0,0,0,0,0,0,0,0,0,0,0,0,0,0,0,0,0,0,0,0,0,0,0,0,0,0,0,0,0,0,0,0,0,0,0,0,0,0,0,0,0,0,0,0,0,0,0,0,0,0,0,0,0,0,0,0,0,0,0,0,0,0,0,0,0,0
2.0093,2.0094,2.0095,2.0096,2.0096,2.0093,2.0092,2.0092,2.0091,2.009,0,2.0093,2.0094,2.0095,2.0095,2.0096,2.0093,2.0093,2.0092,2.0091,2.009,0,2.0092,2.0094,2.0095,2.0095,2.0095,2.0094,2.0093,2.0092,2.0091,2.009,0,2.0092,2.0093,2.0094,2.0095,2.0095,2.0094,2.0094,2.0093,2.0092,2.0091,0,2.0092,2.0093,2.0094,2.0094,2.0095,2.0094,2.0094,2.0093,2.0092,2.0091,0,2.0091,2.0092,2.0093,2.0094,2.0095,2.0095,2.0094,2.0094,2.0093,2.0092,0,2.0091,2.0092,2.0093,2.0094,2.0094,2.0095,2.0095,2.0094,2.0093,2.0092,0,2.0091,2.0092,2.0093,2.0093,2.0094,2.0095,2.0095,2.0094,2.0093,2.0092,0,2.009,2.0091,2.0092,2.0093,2.0093,2.0096,2.0095,2.0095,2.0094,2.0093,0,2.009,2.0091,2.0092,2.0092,2.0093,2.0096,2.0096,2.0095,2.0094,2.0093,0,0,0,0,0,0,0,0,0,0,0,0
2.0094,2.0095,2.0096,2.0097,2.0097,2.0094,2.0094,2.0094,2.0093,2.0091,0,2.0094,2.0095,2.0096,2.0096,2.0097,2.0094,2.0094,2.0093,2.0092,2.0091,0,2.0093,2.0094,2.0095,2.0096,2.0096,2.0095,2.0094,2.0093,2.0092,2.0091,0,2.0093,2.0094,2.0095,2.0096,2.0096,2.0095,2.0094,2.0094,2.0093,2.0092,0,2.0092,2.0094,2.0094,2.0095,2.0096,2.0095,2.0095,2.0094,2.0093,2.0092,0,2.0092,2.0093,2.0094,2.0095,2.0095,2.0096,2.0095,2.0094,2.0093,2.0092,0,2.0092,2.0093,2.0094,2.0094,2.0095,2.0096,2.0096,2.0095,2.0094,2.0093,0,2.0091,2.0092,2.0093,2.0094,2.0095,2.0096,2.0096,2.0095,2.0094,2.0093,0,2.0091,2.0092,2.0093,2.0094,2.0094,2.0097,2.0096,2.0096,2.0095,2.0094,0,2.0092,2.0093,2.0094,2.0094,2.0094,2.0097,2.0097,2.0096,2.0095,2.0094,0,0,0,0,0,0,0,0,0,0,0,0
2.0094,2.0096,2.0097,2.0097,2.0098,2.0096,2.0096,2.0095,2.0094,2.0093,0,2.0094,2.0095,2.0096,2.0097,2.0097,2.0096,2.0096,2.0095,2.0094,2.0092,0,2.0094,2.0095,2.0096,2.0097,2.0097,2.0095,2.0095,2.0095,2.0093,2.0092,0,2.0093,2.0094,2.0095,2.0096,2.0097,2.0096,2.0095,2.0094,2.0093,2.0092,0,2.0093,2.0094,2.0095,2.0096,2.0096,2.0096,2.0095,2.0094,2.0093,2.0092,0,2.0092,2.0093,2.0094,2.0095,2.0096,2.0096,2.0096,2.0095,2.0094,2.0093,0,2.0092,2.0093,2.0094,2.0095,2.0096,2.0097,2.0096,2.0095,2.0094,2.0093,0,2.0092,2.0093,2.0095,2.0095,2.0095,2.0097,2.0097,2.0096,2.0095,2.0094,0,2.0092,2.0094,2.0095,2.0096,2.0096,2.0097,2.0097,2.0096,2.0095,2.0094,0,2.0093,2.0094,2.0095,2.0096,2.0096,2.0098,2.0097,2.0097,2.0096,2.0095,0,0,0,0,0,0,0,0,0,0,0,0
2.0095,2.0096,2.0097,2.0098,20,20,2.0123,2.0097,2.0095,2.0094,0,2.0094,2.0095,2.0096,2.0097,20,20,2.0108,2.0096,2.0095,2.0093,0,2.0094,2.0095,2.0096,2.0097,20,20,2.0098,2.0096,2.0094,2.0093,0,2.0093,2.0094,2.0095,2.0096,20,20,2.0097,2.0096,2.0094,2.0093,0,2.0093,2.0094,2.0095,2.0096,20,20,2.0096,2.0095,2.0094,2.0093,0,2.0093,2.0094,2.0095,2.0096,20,20,2.0096,2.0095,2.0094,2.0093,0,2.0093,2.0094,2.0096,2.0097,20,20,2.0096,2.0095,2.0094,2.0093,0,2.0093,2.0095,2.0096,2.0098,20,20,2.0097,2.0096,2.0095,2.0094,0,2.0093,2.0095,2.0096,2.0108,20,20,2.0097,2.0096,2.0095,2.0094,0,2.0094,2.0095,2.0097,2.0123,20,20,2.0098,2.0097,2.0096,2.0095,0,0,0,0,0,0,0,0,0,0,0,0
2.0094,2.0095,2.0096,20,20,20,20,2.0114,2.0096,2.0094,0,2.0094,2.0095,2.0096,20,20,20,20,2.0102,2.0095,2.0094,0,2.0094,2.0095,2.0096,20,20,20,20,2.0097,2.0095,2.0093,0,2.0093,2.0094,2.0096,20,20,20,20,2.0096,2.0095,2.0093,0,2.0093,2.0094,2.0096,20,20,20,20,2.0096,2.0095,2.0093,0,2.0093,2.0095,2.0096,20,20,20,20,2.0096,2.0094,2.0093,0,2.0093,2.0095,2.0096,20,20,20,20,2.0096,2.0094,2.0093,0,2.0093,2.0095,2.0097,20,20,20,20,2.0096,2.0095,2.0094,0,2.0094,2.0095,2.0102,20,20,20,20,2.0096,2.0095,2.0094,0,2.0094,2.0096,2.0114,20,20,20,20,2.0096,2.0095,2.0094,0,0,0,0,0,0,0,0,0,0,0,0
2.0096,2.0097,2.0098,20,20,20,20,2.0767,2.0094,2.0092,0,2.0096,2.0097,2.0097,20,20,20,20,2.0096,2.0094,2.0093,0,2.0095,2.0096,2.0097,20,20,20,20,2.0095,2.0094,2.0093,0,2.0095,2.0096,2.0096,20,20,20,20,2.0095,2.0094,2.0094,0,2.0095,2.0095,2.0096,20,20,20,20,2.0096,2.0095,2.0094,0,2.0094,2.0095,2.0096,20,20,20,20,2.0096,2.0095,2.0094,0,2.0094,2.0094,2.0095,20,20,20,20,2.0096,2.0096,2.0095,0,2.0093,2.0094,2.0095,20,20,20,20,2.0097,2.0096,2.0095,0,2.0093,2.0094,2.0096,20,20,20,20,2.0097,2.0097,2.0096,0,2.0093,2.0094,2.0767,20,20,20,20,2.0098,2.0097,2.0096,0,0,0,0,0,0,0,0,0,0,0,0
2.0096,2.0096,2.0097,2.0097,20,20,20,2.0096,2.0094,2.0093,0,2.0095,2.0096,2.0097,2.0097,20,20,20,2.0096,2.0094,2.0092,0,2.0095,2.0096,2.0096,2.0096,20,20,13.07,2.0095,2.0094,2.0093,0,2.0094,2.0095,2.0096,2.0232,20,20,7.349,2.0095,2.0094,2.0093,0,2.0094,2.0095,2.0095,2.5257,20,20,4.1123,2.0095,2.0094,2.0094,0,2.0094,2.0094,2.0095,4.1122,20,20,2.5257,2.0095,2.0095,2.0094,0,2.0093,2.0094,2.0095,7.3484,20,20,2.0232,2.0096,2.0095,2.0094,0,2.0093,2.0094,2.0095,13.067,20,20,2.0096,2.0096,2.0096,2.0095,0,2.0092,2.0094,2.0096,20,20,20,2.0097,2.0097,2.0096,2.0095,0,2.0093,2.0094,2.0096,20,20,20,2.0097,2.0097,2.0096,2.0096,0,0,0,0,0,0,0,0,0,0,0,0
2.0095,2.0096,2.0096,2.0096,2.0095,2.015,2.0097,2.0095,2.0094,2.0092,0,2.0095,2.0095,2.0096,2.0096,2.0095,2.011,2.0096,2.0095,2.0093,2.0092,0,2.0094,2.0095,2.0095,2.0095,2.0095,2.0103,2.0096,2.0095,2.0093,2.0092,0,2.0094,2.0094,2.0095,2.0095,2.0096,2.0097,2.0096,2.0094,2.0093,2.0092,0,2.0093,2.0094,2.0094,2.0095,2.0096,2.0096,2.0095,2.0094,2.0093,2.0093,0,2.0093,2.0093,2.0094,2.0095,2.0096,2.0096,2.0095,2.0094,2.0094,2.0093,0,2.0092,2.0093,2.0094,2.0096,2.0097,2.0096,2.0095,2.0095,2.0094,2.0094,0,2.0092,2.0093,2.0095,2.0096,2.0103,2.0095,2.0095,2.0095,2.0095,2.0094,0,2.0092,2.0093,2.0095,2.0096,2.011,2.0095,2.0096,2.0096,2.0095,2.0094,0,2.0092,2.0094,2.0095,2.0097,2.0149,2.0095,2.0096,2.0096,2.0096,2.0095,0,0,0,0,0,0,0,0,0,0,0,0
2.0094,2.0095,2.0095,2.0095,2.0095,2.0096,2.0095,2.0094,2.0093,2.0091,0,2.0094,2.0094,2.0095,2.0095,2.0094,2.0095,2.0095,2.0094,2.0093,2.0091,0,2.0093,2.0094,2.0094,2.0094,2.0094,2.0095,2.0095,2.0093,2.0092,2.0091,0,2.0093,2.0094,2.0094,2.0094,2.0094,2.0095,2.0094,2.0093,2.0092,2.0092,0,2.0093,2.0093,2.0093,2.0094,2.0094,2.0095,2.0094,2.0093,2.0093,2.0092,0,2.0092,2.0093,2.0093,2.0094,2.0095,2.0094,2.0094,2.0093,2.0093,2.0092,0,2.0092,2.0092,2.0093,2.0094,2.0095,2.0094,2.0094,2.0094,2.0093,2.0093,0,2.0091,2.0092,2.0093,2.0095,2.0095,2.0094,2.0094,2.0094,2.0094,2.0093,0,2.0091,2.0093,2.0094,2.0095,2.0095,2.0094,2.0095,2.0095,2.0094,2.0094,0,2.0091,2.0093,2.0094,2.0095,2.0096,2.0095,2.0095,2.0095,2.0095,2.0094,0,0,0,0,0,0,0,0,0,0,0,0
2.0093,2.0094,2.0094,2.0094,2.0094,2.0094,2.0094,2.0093,2.0092,2.009,0,2.0093,2.0093,2.0094,2.0094,2.0093,2.0094,2.0093,2.0092,2.0091,2.009,0,2.0092,2.0093,2.0093,2.0093,2.0093,2.0093,2.0093,2.0092,2.0091,2.009,0,2.0092,2.0093,2.0093,2.0093,2.0093,2.0093,2.0093,2.0092,2.0091,2.0091,0,2.0092,2.0092,2.0092,2.0093,2.0093,2.0093,2.0092,2.0092,2.0092,2.0091,0,2.0091,2.0092,2.0092,2.0092,2.0093,2.0093,2.0093,2.0093,2.0092,2.0091,0,2.0091,2.0091,2.0092,2.0093,2.0093,2.0093,2.0093,2.0093,2.0093,2.0092,0,2.009,2.0091,2.0092,2.0093,2.0093,2.0093,2.0093,2.0093,2.0093,2.0092,0,2.009,2.0091,2.0092,2.0093,2.0094,2.0093,2.0094,2.0094,2.0093,2.0092,0,2.009,2.0092,2.0093,2.0094,2.0094,2.0094,2.0094,2.0094,2.0094,2.0093,0,0,0,0,0,0,0,0,0,0,0,0
0,0,0,0,0,0,0,0,0,0,0,0,0,0,0,0,0,0,0,0,0,0,0,0,0,0,0,0,0,0,0,0,0,0,0,0,0,0,0,0,0,0,0,0,0,0,0,0,0,0,0,0,0,0,0,0,0,0,0,0,0,0,0,0,0,0,0,0,0,0,0,0,0,0,0,0,0,0,0,0,0,0,0,0,0,0,0,0,0,0,0,0,0,0,0,0,0,0,0,0,0,0,0,0,0,0,0,0,0,0,0,0,0,0,0,0,0,0,0,0,0
2.0093,2.0094,2.0095,2.0096,2.0096,2.0093,2.0093,2.0092,2.0091,2.009,0,2.0093,2.0094,2.0095,2.0095,2.0095,2.0093,2.0093,2.0092,2.0091,2.009,0,2.0092,2.0094,2.0094,2.0095,2.0095,2.0093,2.0093,2.0092,2.0091,2.009,0,2.0092,2.0093,2.0094,2.0095,2.0095,2.0094,2.0093,2.0093,2.0092,2.0091,0,2.0092,2.0093,2.0094,2.0094,2.0095,2.0094,2.0094,2.0093,2.0092,2.0091,0,2.0091,2.0092,2.0093,2.0094,2.0094,2.0094,2.0094,2.0093,2.0093,2.0092,0,2.0091,2.0092,2.0093,2.0093,2.0094,2.0095,2.0094,2.0094,2.0093,2.0092,0,2.0091,2.0092,2.0092,2.0093,2.0094,2.0095,2.0095,2.0094,2.0093,2.0092,0,2.009,2.0091,2.0092,2.0093,2.0093,2.0095,2.0095,2.0095,2.0094,2.0093,0,2.009,2.0091,2.0092,2.0093,2.0093,2.0096,2.0095,2.0095,2.0094,2.0093,0,0,0,0,0,0,0,0,0,0,0,0
2.0094,2.0095,2.0096,2.0097,2.0097,2.0094,2.0094,2.0094,2.0093,2.0091,0,2.0094,2.0095,2.0096,2.0096,2.0096,2.0094,2.0094,2.0093,2.0092,2.0091,0,2.0093,2.0094,2.0095,2.0096,2.0096,2.0094,2.0094,2.0093,2.0092,2.0091,0,2.0093,2.0094,2.0095,2.0095,2.0096,2.0095,2.0094,2.0093,2.0093,2.0092,0,2.0092,2.0093,2.0094,2.0095,2.0095,2.0095,2.0095,2.0094,2.0093,2.0092,0,2.0092,2.0093,2.0094,2.0095,2.0095,2.0095,2.0095,2.0094,2.0093,2.0092,0,2.0092,2.0093,2.0093,2.0094,2.0095,2.0096,2.0095,2.0095,2.0094,2.0093,0,2.0091,2.0092,2.0093,2.0094,2.0094,2.0096,2.0096,2.0095,2.0094,2.0093,0,2.0091,2.0092,2.0093,2.0094,2.0094,2.0096,2.0096,2.0096,2.0095,2.0094,0,2.0092,2.0093,2.0094,2.0094,2.0094,2.0097,2.0096,2.0096,2.0095,2.0094,0,0,0,0,0,0,0,0,0,0,0,0
2.0094,2.0096,2.0097,2.0097,2.0097,2.0096,2.0096,2.0095,2.0094,2.0093,0,2.0094,2.0095,2.0096,2.0097,2.0097,2.0096,2.0096,2.0095,2.0094,2.0092,0,2.0094,2.0095,2.0096,2.0096,2.0097,2.0096,2.0095,2.0095,2.0093,2.0092,0,2.0093,2.0094,2.0095,2.0096,2.0096,2.0095,2.0095,2.0094,2.0093,2.0092,0,2.0093,2.0094,2.0095,2.0096,2.0096,2.0096,2.0095,2.0094,2.0093,2.0093,0,2.0092,2.0093,2.0094,2.0095,2.0096,2.0096,2.0096,2.0095,2.0094,2.0093,0,2.0092,2.0093,2.0094,2.0095,2.0095,2.0096,2.0096,2.0095,2.0094,2.0093,0,2.0092,2.0093,2.0095,2.0095,2.0096,2.0097,2.0096,2.0096,2.0095,2.0094,0,2.0092,2.0094,2.0095,2.0096,2.0096,2.0097,2.0097,2.0096,2.0095,2.0094,0,2.0093,2.0094,2.0095,2.0096,2.0096,2.0097,2.0097,2.0097,2.0096,2.0095,0,0,0,0,0,0,0,0,0,0,0,0
2.0095,2.0096,2.0097,2.0098,20,20,2.0359,2.0097,2.0095,2.0093,0,2.0094,2.0095,2.0096,2.0097,20,20,2.0114,2.0096,2.0095,2.0093,0,2.0094,2.0095,2.0096,2.0097,20,20,2.0101,2.0096,2.0094,2.0093,0,2.0094,2.0095,2.0095,2.0096,20,20,2.0097,2.0095,2.0094,2.0092,0,2.0093,2.0094,2.0095,2.0096,20,20,2.0096,2.0095,2.0094,2.0093,0,2.0093,2.0094,2.0095,2.0096,20,20,2.0096,2.0095,2.0094,2.0093,0,2.0092,2.0094,2.0095,2.0097,20,20,2.0096,2.0095,2.0095,2.0094,0,2.0093,2.0094,2.0096,2.0101,20,20,2.0097,2.0096,2.0095,2.0094,0,2.0093,2.0095,2.0096,2.0114,20,20,2.0097,2.0096,2.0095,2.0094,0,2.0093,2.0095,2.0097,2.036,20,20,2.0098,2.0097,2.0096,2.0095,0,0,0,0,0,0,0,0,0,0,0,0
2.0095,2.0096,2.0097,20,20,20,20,2.0111,2.0096,2.0094,0,2.0094,2.0095,2.0096,20,20,20,20,2.01,2.0095,2.0094,0,2.0094,2.0095,2.0096,20,20,20,20,2.0097,2.0095,2.0093,0,2.0093,2.0094,2.0095,20,20,20,20,2.0096,2.0095,2.0093,0,2.0093,2.0094,2.0096,20,20,20,20,2.0096,2.0094,2.0093,0,2.0093,2.0094,2.0096,20,20,20,20,2.0096,2.0094,2.0093,0,2.0093,2.0095,2.0096,20,20,20,20,2.0095,2.0094,2.0094,0,2.0093,2.0095,2.0097,20,20,20,20,2.0096,2.0095,2.0094,0,2.0094,2.0095,2.01,20,20,20,20,2.0096,2.0095,2.0094,0,2.0094,2.0096,2.0111,20,20,20,20,2.0097,2.0096,2.0095,0,0,0,0,0,0,0,0,0,0,0,0
2.0096,2.0097,2.0098,20,20,20,20,2.0615,2.0094,2.0093,0,2.0095,2.0096,2.0097,20,20,20,20,2.0096,2.0094,2.0093,0,2.0095,2.0096,2.0097,20,20,20,20,2.0096,2.0094,2.0093,0,2.0095,2.0096,2.0096,20,20,20,20,2.0095,2.0094,2.0093,0,2.0094,2.0095,2.0096,20,20,20,20,2.0095,2.0095,2.0094,0,2.0094,2.0095,2.0095,20,20,20,20,2.0096,2.0095,2.0094,0,2.0093,2.0094,2.0095,20,20,20,20,2.0096,2.0095,2.0095,0,2.0093,2.0094,2.0096,20,20,20,20,2.0097,2.0096,2.0095,0,2.0093,2.0094,2.0096,20,20,20,20,2.0097,2.0096,2.0095,0,2.0093,2.0094,2.0615,20,20,20,20,2.0098,2.0097,2.0096,0,0,0,0,0,0,0,0,0,0,0,0
2.0096,2.0096,2.0097,2.0097,20,20,20,2.0096,2.0094,2.0093,0,2.0095,2.0096,2.0097,2.0097,20,20,13.073,2.0096,2.0094,2.0092,0,2.0095,2.0096,2.0096,2.0096,20,20,7.4798,2.0095,2.0094,2.0093,0,2.0094,2.0095,2.0096,2.0096,20,20,4.3,2.0095,2.0094,2.0093,0,2.0094,2.0095,2.0095,2.0666,20,20,2.6643,2.0095,2.0094,2.0093,0,2.0093,2.0094,2.0095,2.6642,20,20,2.0666,2.0095,2.0095,2.0094,0,2.0093,2.0094,2.0095,4.2999,20,20,2.0096,2.0096,2.0095,2.0094,0,2.0093,2.0094,2.0095,7.4789,20,20,2.0096,2.0096,2.0095,2.0095,0,2.0092,2.0094,2.0096,13.07,20,20,2.0097,2.0097,2.0096,2.0095,0,2.0093,2.0094,2.0096,19.999,20,20,2.0097,2.0097,2.0096,2.0095,0,0,0,0,0,0,0,0,0,0,0,0
2.0095,2.0096,2.0096,2.0096,2.0096,2.0107,2.0097,2.0095,2.0094,2.0092,0,2.0095,2.0095,2.0096,2.0096,2.0095,2.01,2.0096,2.0095,2.0093,2.0092,0,2.0094,2.0095,2.0095,2.0095,2.0095,2.0097,2.0096,2.0095,2.0093,2.0092,0,2.0094,2.0094,2.0095,2.0095,2.0095,2.0096,2.0095,2.0094,2.0093,2.0092,0,2.0093,2.0094,2.0094,2.0095,2.0096,2.0096,2.0095,2.0094,2.0093,2.0093,0,2.0093,2.0093,2.0094,2.0095,2.0096,2.0096,2.0095,2.0094,2.0094,2.0093,0,2.0092,2.0093,2.0094,2.0095,2.0096,2.0095,2.0095,2.0095,2.0094,2.0094,0,2.0092,2.0093,2.0095,2.0096,2.0097,2.0095,2.0095,2.0095,2.0095,2.0094,0,2.0092,2.0093,2.0095,2.0096,2.0101,2.0095,2.0096,2.0096,2.0095,2.0094,0,2.0092,2.0094,2.0095,2.0097,2.0107,2.0096,2.0096,2.0096,2.0096,2.0095,0,0,0,0,0,0,0,0,0,0,0,0
2.0094,2.0095,2.0095,2.0095,2.0095,2.0096,2.0095,2.0094,2.0093,2.0091,0,2.0094,2.0094,2.0095,2.0095,2.0095,2.0095,2.0095,2.0094,2.0093,2.0091,0,2.0093,2.0094,2.0094,2.0094,2.0094,2.0095,2.0094,2.0093,2.0092,2.0091,0,2.0093,2.0094,2.0094,2.0094,2.0094,2.0095,2.0094,2.0093,2.0092,2.0092,0,2.0093,2.0093,2.0094,2.0094,2.0094,2.0094,2.0094,2.0093,2.0093,2.0092,0,2.0092,2.0093,2.0093,2.0094,2.0094,2.0094,2.0094,2.0094,2.0093,2.0092,0,2.0092,2.0092,2.0093,2.0094,2.0095,2.0094,2.0094,2.0094,2.0094,2.0093,0,2.0091,2.0092,2.0093,2.0094,2.0095,2.0094,2.0094,2.0094,2.0094,2.0093,0,2.0091,2.0093,2.0094,2.0095,2.0095,2.0095,2.0095,2.0095,2.0094,2.0094,0,2.0091,2.0093,2.0094,2.0095,2.0096,2.0095,2.0095,2.0095,2.0095,2.0094,0,0,0,0,0,0,0,0,0,0,0,0
2.0093,2.0094,2.0094,2.0094,2.0094,2.0094,2.0093,2.0093,2.0092,2.009,0,2.0093,2.0093,2.0094,2.0094,2.0094,2.0094,2.0093,2.0092,2.0091,2.009,0,2.0092,2.0093,2.0093,2.0094,2.0093,2.0093,2.0093,2.0092,2.0091,2.009,0,2.0092,2.0093,2.0093,2.0093,2.0093,2.0093,2.0092,2.0092,2.0091,2.0091,0,2.0092,2.0092,2.0093,2.0093,2.0093,2.0093,2.0093,2.0092,2.0092,2.0091,0,2.0091,2.0092,2.0092,2.0092,2.0093,2.0093,2.0093,2.0093,2.0092,2.0092,0,2.0091,2.0091,2.0092,2.0092,2.0093,2.0093,2.0093,2.0093,2.0093,2.0092,0,2.009,2.0091,2.0092,2.0093,2.0093,2.0093,2.0094,2.0093,2.0093,2.0092,0,2.009,2.0091,2.0092,2.0093,2.0094,2.0094,2.0094,2.0094,2.0093,2.0093,0,2.009,2.0092,2.0093,2.0093,2.0094,2.0094,2.0094,2.0094,2.0094,2.0093,0,0,0,0,0,0,0,0,0,0,0,0
0,0,0,0,0,0,0,0,0,0,0,0,0,0,0,0,0,0,0,0,0,0,0,0,0,0,0,0,0,0,0,0,0,0,0,0,0,0,0,0,0,0,0,0,0,0,0,0,0,0,0,0,0,0,0,0,0,0,0,0,0,0,0,0,0,0,0,0,0,0,0,0,0,0,0,0,0,0,0,0,0,0,0,0,0,0,0,0,0,0,0,0,0,0,0,0,0,0,0,0,0,0,0,0,0,0,0,0,0,0,0,0,0,0,0,0,0,0,0,0,0
2.0093,2.0094,2.0095,2.0095,2.0095,2.0093,2.0093,2.0092,2.0091,2.009,0,2.0093,2.0094,2.0095,2.0095,2.0095,2.0093,2.0092,2.0092,2.0091,2.009,0,2.0092,2.0093,2.0094,2.0095,2.0095,2.0093,2.0093,2.0092,2.0091,2.009,0,2.0092,2.0093,2.0094,2.0094,2.0094,2.0093,2.0093,2.0092,2.0092,2.0091,0,2.0092,2.0093,2.0093,2.0094,2.0094,2.0094,2.0093,2.0093,2.0092,2.0091,0,2.0091,2.0092,2.0093,2.0094,2.0094,2.0094,2.0094,2.0093,2.0093,2.0092,0,2.0091,2.0092,2.0093,2.0093,2.0094,2.0094,2.0094,2.0094,2.0093,2.0092,0,2.0091,2.0091,2.0092,2.0093,2.0093,2.0095,2.0095,2.0094,2.0093,2.0092,0,2.009,2.0091,2.0092,2.0092,2.0093,2.0095,2.0095,2.0094,2.0094,2.0093,0,2.009,2.0091,2.0092,2.0093,2.0093,2.0095,2.0095,2.0095,2.0094,2.0093,0,0,0,0,0,0,0,0,0,0,0,0
2.0094,2.0095,2.0096,2.0096,2.0096,2.0095,2.0094,2.0094,2.0093,2.0091,0,2.0094,2.0095,2.0095,2.0096,2.0096,2.0094,2.0094,2.0093,2.0092,2.0091,0,2.0093,2.0094,2.0095,2.0096,2.0096,2.0094,2.0094,2.0093,2.0092,2.0091,0,2.0093,2.0094,2.0095,2.0095,2.0095,2.0094,2.0094,2.0093,2.0093,2.0092,0,2.0092,2.0093,2.0094,2.0095,2.0095,2.0095,2.0094,2.0094,2.0093,2.0092,0,2.0092,2.0093,2.0094,2.0094,2.0095,2.0095,2.0095,2.0094,2.0093,2.0092,0,2.0092,2.0093,2.0093,2.0094,2.0094,2.0095,2.0095,2.0095,2.0094,2.0093,0,2.0091,2.0092,2.0093,2.0094,2.0094,2.0096,2.0095,2.0095,2.0094,2.0093,0,2.0091,2.0092,2.0094,2.0094,2.0094,2.0096,2.0096,2.0095,2.0095,2.0094,0,2.0092,2.0093,2.0094,2.0095,2.0095,2.0096,2.0096,2.0096,2.0095,2.0094,0,0,0,0,0,0,0,0,0,0,0,0
2.0095,2.0096,2.0097,2.0097,2.0097,2.0096,2.0096,2.0095,2.0094,2.0093,0,2.0094,2.0095,2.0096,2.0097,2.0097,2.0096,2.0096,2.0095,2.0094,2.0092,0,2.0094,2.0095,2.0096,2.0096,2.0096,2.0096,2.0095,2.0095,2.0093,2.0092,0,2.0093,2.0094,2.0095,2.0096,2.0096,2.0096,2.0095,2.0094,2.0093,2.0092,0,2.0093,2.0094,2.0095,2.0095,2.0096,2.0095,2.0095,2.0094,2.0093,2.0093,0,2.0093,2.0093,2.0094,2.0095,2.0095,2.0096,2.0095,2.0095,2.0094,2.0093,0,2.0092,2.0093,2.0094,2.0095,2.0096,2.0096,2.0096,2.0095,2.0094,2.0093,0,2.0092,2.0093,2.0095,2.0095,2.0096,2.0096,2.0096,2.0096,2.0095,2.0094,0,2.0092,2.0094,2.0095,2.0096,2.0096,2.0097,2.0097,2.0096,2.0095,2.0094,0,2.0093,2.0094,2.0095,2.0096,2.0096,2.0097,2.0097,2.0097,2.0096,2.0095,0,0,0,0,0,0,0,0,0,0,0,0
2.0095,2.0096,2.0097,2.0098,20,20,2.3328,2.0096,2.0095,2.0093,0,2.0094,2.0096,2.0096,2.0097,20,20,2.05,2.0096,2.0095,2.0093,0,2.0094,2.0095,2.0096,2.0097,20,20,2.0106,2.0096,2.0094,2.0093,0,2.0094,2.0095,2.0095,2.0096,20,20,2.0097,2.0095,2.0094,2.0092,0,2.0093,2.0094,2.0095,2.0096,20,20,2.0096,2.0095,2.0094,2.0093,0,2.0093,2.0094,2.0095,2.0096,20,20,2.0096,2.0095,2.0094,2.0093,0,2.0092,2.0094,2.0095,2.0097,20,20,2.0096,2.0095,2.0095,2.0094,0,2.0093,2.0094,2.0096,2.0106,20,20,2.0097,2.0096,2.0095,2.0094,0,2.0093,2.0095,2.0096,2.0501,20,20,2.0097,2.0096,2.0096,2.0095,0,2.0093,2.0095,2.0096,2.3329,20,20,2.0098,2.0097,2.0096,2.0095,0,0,0,0,0,0,0,0,0,0,0,0
2.0095,2.0096,2.0097,20,20,20,20,2.0108,2.0095,2.0094,0,2.0094,2.0095,2.0096,20,20,20,20,2.0098,2.0095,2.0093,0,2.0094,2.0095,2.0096,20,20,20,20,2.0096,2.0095,2.0093,0,2.0094,2.0095,2.0095,20,20,20,20,2.0096,2.0094,2.0093,0,2.0093,2.0094,2.0096,20,20,20,20,2.0096,2.0094,2.0093,0,2.0093,2.0094,2.0096,20,20,20,20,2.0096,2.0094,2.0093,0,2.0093,2.0094,2.0096,20,20,20,20,2.0095,2.0095,2.0094,0,2.0093,2.0095,2.0096,20,20,20,20,2.0096,2.0095,2.0094,0,2.0093,2.0095,2.0098,20,20,20,20,2.0096,2.0095,2.0095,0,2.0094,2.0095,2.0108,20,20,20,20,2.0097,2.0096,2.0095,0,0,0,0,0,0,0,0,0,0,0,0
2.0096,2.0097,2.0097,20,20,20,20,2.0446,2.0095,2.0093,0,2.0095,2.0096,2.0097,20,20,20,20,2.0096,2.0094,2.0093,0,2.0095,2.0096,2.0096,20,20,20,20,2.0096,2.0094,2.0093,0,2.0094,2.0095,2.0096,20,20,20,20,2.0096,2.0094,2.0093,0,2.0094,2.0095,2.0096,20,20,20,20,2.0095,2.0094,2.0094,0,2.0094,2.0094,2.0095,20,20,20,20,2.0096,2.0095,2.0094,0,2.0093,2.0094,2.0096,20,20,20,20,2.0096,2.0095,2.0094,0,2.0093,2.0094,2.0096,20,20,20,20,2.0096,2.0096,2.0095,0,2.0093,2.0094,2.0096,20,20,20,20,2.0097,2.0096,2.0095,0,2.0093,2.0095,2.0446,20,20,20,20,2.0097,2.0097,2.0095,0,0,0,0,0,0,0,0,0,0,0,0
2.0095,2.0096,2.0097,2.0097,20,20,12.696,2.0096,2.0095,2.0093,0,2.0095,2.0096,2.0097,2.0097,20,20,7.3543,2.0096,2.0094,2.0092,0,2.0095,2.0095,2.0096,2.0096,20,20,4.3022,2.0095,2.0094,2.0092,0,2.0094,2.0095,2.0096,2.0096,20,20,2.7216,2.0095,2.0094,2.0093,0,2.0094,2.0095,2.0095,2.0096,20,20,2.1012,2.0095,2.0094,2.0093,0,2.0093,2.0094,2.0095,2.1012,20,20,2.0096,2.0095,2.0094,2.0094,0,2.0093,2.0094,2.0095,2.7216,20,20,2.0096,2.0096,2.0095,2.0094,0,2.0092,2.0094,2.0095,4.3021,20,20,2.0096,2.0096,2.0095,2.0094,0,2.0093,2.0094,2.0096,7.3534,20,20,2.0097,2.0097,2.0096,2.0095,0,2.0093,2.0095,2.0096,12.693,20,20,2.0097,2.0097,2.0096,2.0095,0,0,0,0,0,0,0,0,0,0,0,0
2.0095,2.0096,2.0096,2.0096,2.0096,2.0099,2.0096,2.0095,2.0094,2.0092,0,2.0094,2.0095,2.0096,2.0096,2.0096,2.0097,2.0096,2.0095,2.0094,2.0092,0,2.0094,2.0095,2.0095,2.0096,2.0095,2.0096,2.0096,2.0095,2.0093,2.0092,0,2.0094,2.0094,2.0095,2.0095,2.0095,2.0096,2.0095,2.0094,2.0093,2.0092,0,2.0093,2.0094,2.0094,2.0095,2.0096,2.0096,2.0095,2.0094,2.0093,2.0093,0,2.0093,2.0093,2.0094,2.0095,2.0096,2.0096,2.0095,2.0094,2.0094,2.0093,0,2.0092,2.0093,2.0094,2.0095,2.0096,2.0095,2.0095,2.0095,2.0094,2.0094,0,2.0092,2.0093,2.0095,2.0096,2.0096,2.0095,2.0096,2.0095,2.0095,2.0094,0,2.0092,2.0094,2.0095,2.0096,2.0097,2.0096,2.0096,2.0096,2.0095,2.0094,0,2.0092,2.0094,2.0095,2.0096,2.0099,2.0096,2.0096,2.0096,2.0096,2.0095,0,0,0,0,0,0,0,0,0,0,0,0
2.0094,2.0095,2.0095,2.0096,2.0095,2.0095,2.0095,2.0094,2.0093,2.0091,0,2.0094,2.0095,2.0095,2.0095,2.0095,2.0095,2.0095,2.0094,2.0092,2.0091,0,2.0093,2.0094,2.0095,2.0095,2.0095,2.0095,2.0094,2.0093,2.0092,2.0091,0,2.0093,2.0094,2.0094,2.0094,2.0094,2.0094,2.0094,2.0093,2.0092,2.0092,0,2.0093,2.0093,2.0094,2.0094,2.0094,2.0094,2.0094,2.0093,2.0093,2.0092,0,2.0092,2.0093,2.0093,2.0094,2.0094,2.0094,2.0094,2.0094,2.0093,2.0092,0,2.0092,2.0092,2.0093,2.0094,2.0094,2.0094,2.0094,2.0094,2.0094,2.0093,0,2.0091,2.0092,2.0093,2.0094,2.0095,2.0095,2.0095,2.0095,2.0094,2.0093,0,2.0091,2.0092,2.0094,2.0095,2.0095,2.0095,2.0095,2.0095,2.0094,2.0094,0,2.0091,2.0093,2.0094,2.0095,2.0095,2.0095,2.0096,2.0095,2.0095,2.0094,0,0,0,0,0,0,0,0,0,0,0,0
2.0093,2.0094,2.0094,2.0094,2.0094,2.0094,2.0093,2.0093,2.0092,2.009,0,2.0093,2.0093,2.0094,2.0094,2.0094,2.0093,2.0093,2.0092,2.0091,2.009,0,2.0092,2.0093,2.0094,2.0094,2.0094,2.0093,2.0093,2.0092,2.0091,2.009,0,2.0092,2.0093,2.0093,2.0093,2.0093,2.0093,2.0092,2.0092,2.0092,2.0091,0,2.0092,2.0092,2.0093,2.0093,2.0093,2.0093,2.0093,2.0092,2.0092,2.0091,0,2.0091,2.0092,2.0092,2.0093,2.0093,2.0093,2.0093,2.0093,2.0092,2.0092,0,2.0091,2.0091,2.0092,2.0092,2.0093,2.0093,2.0094,2.0093,2.0093,2.0092,0,2.009,2.0091,2.0092,2.0093,2.0093,2.0094,2.0094,2.0094,2.0093,2.0092,0,2.009,2.0091,2.0092,2.0093,2.0093,2.0094,2.0094,2.0094,2.0094,2.0093,0,2.009,2.0092,2.0093,2.0093,2.0094,2.0094,2.0095,2.0094,2.0094,2.0093,0,0,0,0,0,0,0,0,0,0,0,0
0,0,0,0,0,0,0,0,0,0,0,0,0,0,0,0,0,0,0,0,0,0,0,0,0,0,0,0,0,0,0,0,0,0,0,0,0,0,0,0,0,0,0,0,0,0,0,0,0,0,0,0,0,0,0,0,0,0,0,0,0,0,0,0,0,0,0,0,0,0,0,0,0,0,0,0,0,0,0,0,0,0,0,0,0,0,0,0,0,0,0,0,0,0,0,0,0,0,0,0,0,0,0,0,0,0,0,0,0,0,0,0,0,0,0,0,0,0,0,0,0
2.0093,2.0094,2.0095,2.0095,2.0095,2.0093,2.0093,2.0092,2.0091,2.009,0,2.0093,2.0094,2.0094,2.0095,2.0095,2.0093,2.0093,2.0092,2.0091,2.009,0,2.0092,2.0093,2.0094,2.0094,2.0094,2.0093,2.0092,2.0092,2.0091,2.009,0,2.0092,2.0093,2.0094,2.0094,2.0094,2.0093,2.0093,2.0092,2.0092,2.0091,0,2.0092,2.0093,2.0093,2.0094,2.0094,2.0093,2.0093,2.0093,2.0092,2.0091,0,2.0091,2.0092,2.0093,2.0093,2.0094,2.0094,2.0094,2.0093,2.0092,2.0092,0,2.0091,2.0092,2.0092,2.0093,2.0093,2.0094,2.0094,2.0094,2.0093,2.0092,0,2.009,2.0091,2.0092,2.0093,2.0093,2.0094,2.0094,2.0094,2.0093,2.0092,0,2.009,2.0091,2.0092,2.0093,2.0093,2.0095,2.0095,2.0094,2.0094,2.0093,0,2.009,2.0091,2.0092,2.0093,2.0093,2.0095,2.0095,2.0095,2.0094,2.0093,0,0,0,0,0,0,0,0,0,0,0,0
2.0094,2.0095,2.0096,2.0096,2.0096,2.0095,2.0095,2.0094,2.0093,2.0091,0,2.0094,2.0095,2.0095,2.0096,2.0096,2.0095,2.0094,2.0094,2.0092,2.0091,0,2.0093,2.0094,2.0095,2.0095,2.0095,2.0094,2.0094,2.0093,2.0092,2.0091,0,2.0093,2.0094,2.0094,2.0095,2.0095,2.0094,2.0094,2.0093,2.0092,2.0092,0,2.0092,2.0093,2.0094,2.0094,2.0095,2.0094,2.0094,2.0094,2.0093,2.0092,0,2.0092,2.0093,2.0094,2.0094,2.0094,2.0095,2.0094,2.0094,2.0093,2.0092,0,2.0092,2.0092,2.0093,2.0094,2.0094,2.0095,2.0095,2.0094,2.0094,2.0093,0,2.0091,2.0092,2.0093,2.0094,2.0094,2.0095,2.0095,2.0095,2.0094,2.0093,0,2.0091,2.0092,2.0094,2.0094,2.0095,2.0096,2.0096,2.0095,2.0095,2.0094,0,2.0091,2.0093,2.0094,2.0095,2.0095,2.0096,2.0096,2.0096,2.0095,2.0094,0,0,0,0,0,0,0,0,0,0,0,0
2.0095,2.0096,2.0096,2.0097,2.0097,2.0097,2.0096,2.0095,2.0094,2.0092,0,2.0094,2.0095,2.0096,2.0096,2.0096,2.0096,2.0096,2.0095,2.0094,2.0092,0,2.0094,2.0095,2.0096,2.0096,2.0096,2.0096,2.0096,2.0095,2.0093,2.0092,0,2.0093,2.0094,2.0095,2.0096,2.0096,2.0096,2.0095,2.0094,2.0093,2.0092,0,2.0093,2.0094,2.0095,2.0095,2.0095,2.0095,2.0095,2.0094,2.0093,2.0093,0,2.0093,2.0093,2.0094,2.0095,2.0095,2.0095,2.0095,2.0095,2.0094,2.0093,0,2.0092,2.0093,2.0094,2.0095,2.0096,2.0096,2.0096,2.0095,2.0094,2.0094,0,2.0092,2.0093,2.0095,2.0096,2.0096,2.0096,2.0096,2.0096,2.0095,2.0094,0,2.0092,2.0094,2.0095,2.0096,2.0096,2.0096,2.0096,2.0096,2.0095,2.0094,0,2.0092,2.0094,2.0095,2.0096,2.0097,2.0097,2.0097,2.0096,2.0096,2.0095,0,0,0,0,0,0,0,0,0,0,0,0
2.0095,2.0096,2.0097,2.0098,20,20,3.748,2.0096,2.0095,2.0093,0,2.0095,2.0096,2.0096,2.0097,20,20,2.5369,2.0096,2.0094,2.0093,0,2.0094,2.0095,2.0096,2.0097,20,20,2.0809,2.0096,2.0094,2.0092,0,2.0094,2.0095,2.0096,2.0096,20,20,2.0098,2.0095,2.0094,2.0093,0,2.0093,2.0094,2.0095,2.0096,20,20,2.0096,2.0095,2.0094,2.0093,0,2.0093,2.0094,2.0095,2.0096,20,20,2.0096,2.0095,2.0094,2.0093,0,2.0093,2.0094,2.0095,2.0098,20,20,2.0096,2.0096,2.0095,2.0094,0,2.0092,2.0094,2.0096,2.0809,20,20,2.0097,2.0096,2.0095,2.0094,0,2.0093,2.0094,2.0096,2.5369,20,20,2.0097,2.0096,2.0096,2.0095,0,2.0093,2.0095,2.0096,3.7482,20,20,2.0098,2.0097,2.0096,2.0095,0,0,0,0,0,0,0,0,0,0,0,0
2.0095,2.0096,2.0097,20,20,20,20,2.0142,2.0095,2.0093,0,2.0095,2.0096,2.0097,20,20,20,20,2.0096,2.0095,2.0093,0,2.0094,2.0095,2.0096,20,20,20,20,2.0096,2.0095,2.0093,0,2.0094,2.0095,2.0096,20,20,20,20,2.0096,2.0094,2.0093,0,2.0094,2.0094,2.0095,20,20,20,20,2.0096,2.0094,2.0093,0,2.0093,2.0094,2.0096,20,20,20,20,2.0095,2.0094,2.0094,0,2.0093,2.0094,2.0096,20,20,20,20,2.0096,2.0095,2.0094,0,2.0093,2.0095,2.0096,20,20,20,20,2.0096,2.0095,2.0094,0,2.0093,2.0095,2.0096,20,20,20,20,2.0097,2.0096,2.0095,0,2.0093,2.0095,2.0142,20,20,20,20,2.0097,2.0096,2.0095,0,0,0,0,0,0,0,0,0,0,0,0
2.0095,2.0096,2.0097,20,20,20,20,2.0281,2.0095,2.0093,0,2.0095,2.0096,2.0097,20,20,20,20,2.0096,2.0095,2.0093,0,2.0095,2.0096,2.0096,20,20,20,20,2.0096,2.0094,2.0093,0,2.0094,2.0095,2.0096,20,20,20,20,2.0096,2.0094,2.0093,0,2.0094,2.0095,2.0095,20,20,20,20,2.0095,2.0094,2.0093,0,2.0093,2.0094,2.0095,20,20,20,20,2.0095,2.0095,2.0094,0,2.0093,2.0094,2.0096,20,20,20,20,2.0096,2.0095,2.0094,0,2.0093,2.0094,2.0096,20,20,20,20,2.0096,2.0095,2.0095,0,2.0093,2.0095,2.0096,20,20,20,20,2.0097,2.0096,2.0095,0,2.0093,2.0095,2.0281,20,20,20,20,2.0097,2.0096,2.0095,0,0,0,0,0,0,0,0,0,0,0,0
2.0095,2.0096,2.0097,2.0097,20,20,6.9722,2.0096,2.0095,2.0093,0,2.0095,2.0096,2.0096,2.0097,20,20,4.1186,2.0096,2.0094,2.0093,0,2.0094,2.0095,2.0096,2.0097,20,20,2.6691,2.0096,2.0094,2.0092,0,2.0094,2.0095,2.0096,2.0096,20,20,2.1056,2.0095,2.0094,2.0093,0,2.0094,2.0094,2.0095,2.0096,20,20,2.0096,2.0095,2.0094,2.0093,0,2.0093,2.0094,2.0095,2.0096,20,20,2.0096,2.0095,2.0094,2.0094,0,2.0093,2.0094,2.0095,2.1056,20,20,2.0096,2.0096,2.0095,2.0094,0,2.0092,2.0094,2.0096,2.669,20,20,2.0097,2.0096,2.0095,2.0094,0,2.0093,2.0094,2.0096,4.1185,20,20,2.0097,2.0096,2.0096,2.0095,0,2.0093,2.0095,2.0096,6.9712,20,20,2.0097,2.0097,2.0096,2.0095,0,0,0,0,0,0,0,0,0,0,0,0
2.0095,2.0096,2.0096,2.0097,2.0096,2.0097,2.0096,2.0095,2.0094,2.0092,0,2.0094,2.0095,2.0096,2.0096,2.0096,2.0096,2.0096,2.0095,2.0094,2.0092,0,2.0094,2.0095,2.0095,2.0096,2.0096,2.0096,2.0096,2.0095,2.0093,2.0092,0,2.0094,2.0094,2.0095,2.0095,2.0095,2.0096,2.0095,2.0094,2.0093,2.0092,0,2.0093,2.0094,2.0095,2.0095,2.0095,2.0096,2.0095,2.0094,2.0093,2.0093,0,2.0093,2.0093,2.0094,2.0095,2.0096,2.0095,2.0095,2.0095,2.0094,2.0093,0,2.0092,2.0093,2.0094,2.0095,2.0096,2.0095,2.0095,2.0095,2.0094,2.0093,0,2.0092,2.0093,2.0095,2.0096,2.0096,2.0096,2.0096,2.0095,2.0095,2.0094,0,2.0092,2.0094,2.0095,2.0096,2.0096,2.0096,2.0096,2.0096,2.0095,2.0094,0,2.0092,2.0094,2.0095,2.0096,2.0097,2.0096,2.0097,2.0096,2.0096,2.0095,0,0,0,0,0,0,0,0,0,0,0,0
2.0094,2.0095,2.0096,2.0096,2.0096,2.0095,2.0095,2.0094,2.0093,2.0091,0,2.0094,2.0095,2.0095,2.0095,2.0095,2.0095,2.0094,2.0094,2.0092,2.0091,0,2.0093,2.0094,2.0095,2.0095,2.0095,2.0095,2.0094,2.0093,2.0092,2.0091,0,2.0093,2.0094,2.0094,2.0095,2.0095,2.0094,2.0094,2.0093,2.0092,2.0092,0,2.0092,2.0093,2.0094,2.0094,2.0094,2.0094,2.0094,2.0093,2.0093,2.0092,0,2.0092,2.0093,2.0093,2.0094,2.0094,2.0094,2.0094,2.0094,2.0093,2.0092,0,2.0092,2.0092,2.0093,2.0094,2.0094,2.0095,2.0095,2.0094,2.0094,2.0093,0,2.0091,2.0092,2.0093,2.0094,2.0095,2.0095,2.0095,2.0095,2.0094,2.0093,0,2.0091,2.0092,2.0094,2.0094,2.0095,2.0095,2.0095,2.0095,2.0095,2.0094,0,2.0091,2.0093,2.0094,2.0095,2.0095,2.0096,2.0096,2.0096,2.0095,2.0094,0,0,0,0,0,0,0,0,0,0,0,0
2.0093,2.0094,2.0095,2.0095,2.0095,2.0093,2.0093,2.0092,2.0092,2.009,0,2.0093,2.0094,2.0094,2.0094,2.0094,2.0093,2.0093,2.0092,2.0091,2.009,0,2.0092,2.0093,2.0094,2.0094,2.0094,2.0093,2.0092,2.0092,2.0091,2.009,0,2.0092,2.0093,2.0093,2.0094,2.0094,2.0093,2.0093,2.0092,2.0092,2.0091,0,2.0092,2.0092,2.0093,2.0093,2.0093,2.0093,2.0093,2.0093,2.0092,2.0091,0,2.0091,2.0092,2.0093,2.0093,2.0093,2.0094,2.0093,2.0093,2.0092,2.0092,0,2.0091,2.0092,2.0092,2.0093,2.0093,2.0094,2.0094,2.0093,2.0093,2.0092,0,2.009,2.0091,2.0092,2.0092,2.0093,2.0094,2.0094,2.0094,2.0093,2.0092,0,2.009,2.0091,2.0092,2.0093,2.0093,2.0094,2.0094,2.0094,2.0094,2.0093,0,2.009,2.0091,2.0092,2.0093,2.0093,2.0095,2.0095,2.0095,2.0094,2.0093,0,0,0,0,0,0,0,0,0,0,0,0
0,0,0,0,0,0,0,0,0,0,0,0,0,0,0,0,0,0,0,0,0,0,0,0,0,0,0,0,0,0,0,0,0,0,0,0,0,0,0,0,0,0,0,0,0,0,0,0,0,0,0,0,0,0,0,0,0,0,0,0,0,0,0,0,0,0,0,0,0,0,0,0,0,0,0,0,0,0,0,0,0,0,0,0,0,0,0,0,0,0,0,0,0,0,0,0,0,0,0,0,0,0,0,0,0,0,0,0,0,0,0,0,0,0,0,0,0,0,0,0,0
2.0093,2.0094,2.0095,2.0095,2.0095,2.0093,2.0093,2.0092,2.0091,2.009,0,2.0093,2.0094,2.0094,2.0094,2.0094,2.0093,2.0093,2.0092,2.0091,2.009,0,2.0092,2.0093,2.0094,2.0094,2.0094,2.0093,2.0092,2.0092,2.0091,2.009,0,2.0092,2.0093,2.0093,2.0094,2.0094,2.0093,2.0093,2.0092,2.0092,2.0091,0,2.0092,2.0092,2.0093,2.0093,2.0094,2.0093,2.0093,2.0093,2.0092,2.0091,0,2.0091,2.0092,2.0093,2.0093,2.0093,2.0093,2.0093,2.0093,2.0092,2.0092,0,2.0091,2.0092,2.0092,2.0093,2.0093,2.0094,2.0094,2.0093,2.0093,2.0092,0,2.009,2.0091,2.0092,2.0092,2.0093,2.0094,2.0094,2.0094,2.0093,2.0092,0,2.009,2.0091,2.0092,2.0093,2.0093,2.0094,2.0094,2.0094,2.0094,2.0093,0,2.009,2.0092,2.0092,2.0093,2.0093,2.0095,2.0095,2.0095,2.0094,2.0093,0,0,0,0,0,0,0,0,0,0,0,0
2.0094,2.0095,2.0096,2.0096,2.0096,2.0095,2.0095,2.0094,2.0093,2.0091,0,2.0094,2.0095,2.0095,2.0095,2.0095,2.0095,2.0094,2.0094,2.0092,2.0091,0,2.0093,2.0094,2.0095,2.0095,2.0095,2.0095,2.0094,2.0093,2.0092,2.0091,0,2.0093,2.0094,2.0094,2.0095,2.0095,2.0094,2.0094,2.0093,2.0092,2.0092,0,2.0092,2.0093,2.0094,2.0094,2.0094,2.0094,2.0094,2.0093,2.0093,2.0092,0,2.0092,2.0093,2.0093,2.0094,2.0094,2.0094,2.0094,2.0094,2.0093,2.0092,0,2.0092,2.0092,2.0093,2.0094,2.0094,2.0095,2.0095,2.0094,2.0094,2.0093,0,2.0091,2.0092,2.0093,2.0094,2.0095,2.0095,2.0095,2.0095,2.0094,2.0093,0,2.0091,2.0092,2.0094,2.0094,2.0095,2.0095,2.0095,2.0095,2.0095,2.0094,0,2.0091,2.0093,2.0094,2.0095,2.0095,2.0096,2.0096,2.0096,2.0095,2.0094,0,0,0,0,0,0,0,0,0,0,0,0
2.0095,2.0096,2.0096,2.0097,2.0096,2.0097,2.0096,2.0095,2.0094,2.0092,0,2.0094,2.0095,2.0096,2.0096,2.0096,2.0096,2.0096,2.0095,2.0094,2.0092,0,2.0094,2.0095,2.0095,2.0096,2.0096,2.0096,2.0096,2.0095,2.0093,2.0092,0,2.0093,2.0094,2.0095,2.0095,2.0095,2.0096,2.0095,2.0094,2.0093,2.0092,0,2.0093,2.0094,2.0095,2.0095,2.0095,2.0096,2.0095,2.0094,2.0093,2.0093,0,2.0093,2.0093,2.0094,2.0095,2.0096,2.0095,2.0095,2.0095,2.0094,2.0093,0,2.0092,2.0093,2.0094,2.0095,2.0096,2.0095,2.0095,2.0095,2.0094,2.0094,0,2.0092,2.0093,2.0095,2.0096,2.0096,2.0096,2.0096,2.0095,2.0095,2.0094,0,2.0092,2.0094,2.0095,2.0096,2.0096,2.0096,2.0096,2.0096,2.0095,2.0094,0,2.0092,2.0094,2.0095,2.0096,2.0097,2.0096,2.0097,2.0096,2.0096,2.0095,0,0,0,0,0,0,0,0,0,0,0,0
2.0095,2.0096,2.0097,2.0097,20,20,6.9712,2.0096,2.0095,2.0093,0,2.0095,2.0096,2.0096,2.0097,20,20,4.1185,2.0096,2.0094,2.0093,0,2.0094,2.0095,2.0096,2.0097,20,20,2.669,2.0096,2.0094,2.0092,0,2.0094,2.0095,2.0096,2.0096,20,20,2.1056,2.0095,2.0094,2.0093,0,2.0094,2.0094,2.0095,2.0096,20,20,2.0096,2.0095,2.0094,2.0093,0,2.0093,2.0094,2.0095,2.0096,20,20,2.0096,2.0095,2.0094,2.0094,0,2.0093,2.0094,2.0095,2.1056,20,20,2.0096,2.0096,2.0095,2.0094,0,2.0092,2.0094,2.0096,2.6691,20,20,2.0097,2.0096,2.0095,2.0094,0,2.0093,2.0094,2.0096,4.1187,20,20,2.0097,2.0096,2.0096,2.0095,0,2.0093,2.0095,2.0096,6.9722,20,20,2.0097,2.0097,2.0096,2.0095,0,0,0,0,0,0,0,0,0,0,0,0
2.0095,2.0096,2.0097,20,20,20,20,2.0281,2.0095,2.0093,0,2.0095,2.0096,2.0097,20,20,20,20,2.0096,2.0095,2.0093,0,2.0095,2.0095,2.0096,20,20,20,20,2.0096,2.0094,2.0093,0,2.0094,2.0095,2.0096,20,20,20,20,2.0096,2.0094,2.0093,0,2.0094,2.0095,2.0095,20,20,20,20,2.0095,2.0094,2.0093,0,2.0093,2.0094,2.0095,20,20,20,20,2.0095,2.0095,2.0094,0,2.0093,2.0094,2.0096,20,20,20,20,2.0096,2.0095,2.0094,0,2.0093,2.0094,2.0096,20,20,20,20,2.0096,2.0096,2.0095,0,2.0093,2.0095,2.0096,20,20,20,20,2.0097,2.0096,2.0095,0,2.0093,2.0095,2.0281,20,20,20,20,2.0097,2.0096,2.0095,0,0,0,0,0,0,0,0,0,0,0,0
2.0095,2.0096,2.0097,20,20,20,20,2.0142,2.0095,2.0093,0,2.0095,2.0096,2.0097,20,20,20,20,2.0096,2.0095,2.0093,0,2.0094,2.0095,2.0096,20,20,20,20,2.0096,2.0095,2.0093,0,2.0094,2.0095,2.0096,20,20,20,20,2.0096,2.0094,2.0093,0,2.0094,2.0094,2.0095,20,20,20,20,2.0096,2.0094,2.0093,0,2.0093,2.0094,2.0096,20,20,20,20,2.0095,2.0094,2.0094,0,2.0093,2.0094,2.0096,20,20,20,20,2.0096,2.0095,2.0094,0,2.0093,2.0095,2.0096,20,20,20,20,2.0096,2.0095,2.0094,0,2.0093,2.0095,2.0096,20,20,20,20,2.0097,2.0096,2.0095,0,2.0093,2.0095,2.0142,20,20,20,20,2.0097,2.0096,2.0095,0,0,0,0,0,0,0,0,0,0,0,0
2.0095,2.0096,2.0097,2.0098,20,20,3.7482,2.0096,2.0095,2.0093,0,2.0095,2.0096,2.0096,2.0097,20,20,2.5369,2.0096,2.0094,2.0093,0,2.0094,2.0095,2.0096,2.0097,20,20,2.0809,2.0096,2.0094,2.0092,0,2.0094,2.0095,2.0096,2.0096,20,20,2.0098,2.0095,2.0094,2.0093,0,2.0093,2.0094,2.0095,2.0096,20,20,2.0096,2.0095,2.0094,2.0093,0,2.0093,2.0094,2.0095,2.0096,20,20,2.0096,2.0095,2.0094,2.0093,0,2.0093,2.0094,2.0095,2.0098,20,20,2.0096,2.0096,2.0095,2.0094,0,2.0092,2.0094,2.0096,2.0809,20,20,2.0097,2.0096,2.0095,2.0094,0,2.0093,2.0094,2.0096,2.5369,20,20,2.0097,2.0096,2.0096,2.0095,0,2.0093,2.0095,2.0096,3.748,20,20,2.0098,2.0097,2.0096,2.0095,0,0,0,0,0,0,0,0,0,0,0,0
2.0095,2.0096,2.0096,2.0097,2.0097,2.0097,2.0096,2.0095,2.0094,2.0092,0,2.0094,2.0095,2.0096,2.0096,2.0096,2.0096,2.0096,2.0095,2.0094,2.0092,0,2.0094,2.0095,2.0096,2.0096,2.0096,2.0096,2.0096,2.0095,2.0093,2.0092,0,2.0094,2.0094,2.0095,2.0096,2.0096,2.0096,2.0095,2.0094,2.0093,2.0092,0,2.0093,2.0094,2.0095,2.0095,2.0095,2.0095,2.0095,2.0094,2.0093,2.0093,0,2.0093,2.0093,2.0094,2.0095,2.0095,2.0095,2.0095,2.0095,2.0094,2.0093,0,2.0092,2.0093,2.0094,2.0095,2.0096,2.0096,2.0096,2.0095,2.0094,2.0093,0,2.0092,2.0093,2.0095,2.0096,2.0096,2.0096,2.0096,2.0096,2.0095,2.0094,0,2.0092,2.0094,2.0095,2.0096,2.0096,2.0096,2.0096,2.0096,2.0095,2.0094,0,2.0092,2.0094,2.0095,2.0096,2.0097,2.0097,2.0097,2.0096,2.0096,2.0095,0,0,0,0,0,0,0,0,0,0,0,0
2.0094,2.0095,2.0096,2.0096,2.0096,2.0095,2.0095,2.0094,2.0093,2.0091,0,2.0094,2.0095,2.0095,2.0096,2.0096,2.0095,2.0094,2.0094,2.0092,2.0091,0,2.0093,2.0094,2.0095,2.0095,2.0095,2.0094,2.0094,2.0093,2.0092,2.0091,0,2.0093,2.0094,2.0094,2.0095,2.0095,2.0094,2.0094,2.0093,2.0092,2.0092,0,2.0092,2.0093,2.0094,2.0094,2.0095,2.0094,2.0094,2.0094,2.0093,2.0092,0,2.0092,2.0093,2.0094,2.0094,2.0094,2.0095,2.0094,2.0094,2.0093,2.0092,0,2.0092,2.0092,2.0093,2.0094,2.0094,2.0095,2.0095,2.0094,2.0094,2.0093,0,2.0091,2.0092,2.0093,2.0094,2.0094,2.0095,2.0095,2.0095,2.0094,2.0093,0,2.0091,2.0092,2.0094,2.0094,2.0095,2.0096,2.0096,2.0095,2.0095,2.0094,0,2.0091,2.0093,2.0094,2.0095,2.0095,2.0096,2.0096,2.0096,2.0095,2.0094,0,0,0,0,0,0,0,0,0,0,0,0
2.0093,2.0094,2.0095,2.0095,2.0095,2.0093,2.0093,2.0092,2.0091,2.009,0,2.0093,2.0094,2.0094,2.0095,2.0095,2.0093,2.0093,2.0092,2.0091,2.009,0,2.0092,2.0093,2.0094,2.0094,2.0094,2.0093,2.0093,2.0092,2.0091,2.009,0,2.0092,2.0093,2.0094,2.0094,2.0094,2.0093,2.0093,2.0092,2.0092,2.0091,0,2.0092,2.0092,2.0093,2.0094,2.0094,2.0094,2.0093,2.0093,2.0092,2.0091,0,2.0091,2.0092,2.0093,2.0093,2.0093,2.0094,2.0094,2.0093,2.0093,2.0092,0,2.0091,2.0092,2.0092,2.0093,2.0093,2.0094,2.0094,2.0094,2.0093,2.0092,0,2.009,2.0091,2.0092,2.0092,2.0093,2.0094,2.0094,2.0094,2.0093,2.0092,0,2.009,2.0091,2.0092,2.0093,2.0093,2.0095,2.0095,2.0094,2.0094,2.0093,0,2.009,2.0091,2.0092,2.0093,2.0093,2.0095,2.0095,2.0095,2.0094,2.0093,0,0,0,0,0,0,0,0,0,0,0,0
0,0,0,0,0,0,0,0,0,0,0,0,0,0,0,0,0,0,0,0,0,0,0,0,0,0,0,0,0,0,0,0,0,0,0,0,0,0,0,0,0,0,0,0,0,0,0,0,0,0,0,0,0,0,0,0,0,0,0,0,0,0,0,0,0,0,0,0,0,0,0,0,0,0,0,0,0,0,0,0,0,0,0,0,0,0,0,0,0,0,0,0,0,0,0,0,0,0,0,0,0,0,0,0,0,0,0,0,0,0,0,0,0,0,0,0,0,0,0,0,0
2.0093,2.0094,2.0094,2.0095,2.0094,2.0094,2.0093,2.0093,2.0092,2.009,0,2.0093,2.0094,2.0094,2.0094,2.0094,2.0093,2.0093,2.0092,2.0091,2.009,0,2.0092,2.0093,2.0094,2.0094,2.0094,2.0093,2.0093,2.0092,2.0091,2.009,0,2.0092,2.0093,2.0093,2.0094,2.0093,2.0093,2.0092,2.0092,2.0091,2.0091,0,2.0092,2.0092,2.0093,2.0093,2.0093,2.0093,2.0093,2.0092,2.0092,2.0091,0,2.0091,2.0092,2.0092,2.0093,2.0093,2.0093,2.0093,2.0093,2.0092,2.0092,0,2.0091,2.0092,2.0092,2.0092,2.0093,2.0093,2.0093,2.0093,2.0093,2.0092,0,2.009,2.0091,2.0092,2.0093,2.0093,2.0094,2.0094,2.0094,2.0093,2.0092,0,2.009,2.0091,2.0092,2.0093,2.0093,2.0094,2.0094,2.0094,2.0093,2.0093,0,2.009,2.0092,2.0093,2.0093,2.0094,2.0094,2.0094,2.0094,2.0094,2.0093,0,0,0,0,0,0,0,0,0,0,0,0
2.0094,2.0095,2.0095,2.0096,2.0095,2.0095,2.0095,2.0094,2.0093,2.0091,0,2.0094,2.0094,2.0095,2.0095,2.0095,2.0095,2.0095,2.0094,2.0092,2.0091,0,2.0093,2.0094,2.0095,2.0095,2.0095,2.0095,2.0094,2.0093,2.0092,2.0091,0,2.0093,2.0094,2.0094,2.0094,2.0094,2.0094,2.0094,2.0093,2.0092,2.0092,0,2.0092,2.0093,2.0094,2.0094,2.0094,2.0094,2.0094,2.0093,2.0093,2.0092,0,2.0092,2.0093,2.0093,2.0094,2.0094,2.0094,2.0094,2.0094,2.0093,2.0093,0,2.0092,2.0092,2.0093,2.0094,2.0094,2.0094,2.0094,2.0094,2.0094,2.0093,0,2.0091,2.0092,2.0093,2.0094,2.0095,2.0095,2.0095,2.0095,2.0094,2.0093,0,2.0091,2.0092,2.0094,2.0095,2.0095,2.0095,2.0095,2.0095,2.0095,2.0094,0,2.0091,2.0093,2.0094,2.0095,2.0095,2.0095,2.0096,2.0095,2.0095,2.0094,0,0,0,0,0,0,0,0,0,0,0,0
2.0095,2.0096,2.0096,2.0096,2.0096,2.0099,2.0096,2.0095,2.0094,2.0092,0,2.0094,2.0095,2.0096,2.0096,2.0096,2.0097,2.0096,2.0095,2.0094,2.0092,0,2.0094,2.0095,2.0095,2.0096,2.0095,2.0096,2.0096,2.0095,2.0093,2.0092,0,2.0094,2.0094,2.0095,2.0095,2.0095,2.0096,2.0095,2.0094,2.0093,2.0092,0,2.0093,2.0094,2.0094,2.0095,2.0096,2.0096,2.0095,2.0094,2.0093,2.0093,0,2.0093,2.0093,2.0094,2.0095,2.0096,2.0096,2.0095,2.0094,2.0094,2.0093,0,2.0092,2.0093,2.0094,2.0095,2.0096,2.0095,2.0095,2.0095,2.0094,2.0094,0,2.0092,2.0093,2.0095,2.0096,2.0096,2.0095,2.0096,2.0095,2.0095,2.0094,0,2.0092,2.0094,2.0095,2.0096,2.0097,2.0096,2.0096,2.0096,2.0095,2.0094,0,2.0092,2.0094,2.0095,2.0096,2.0099,2.0096,2.0096,2.0096,2.0096,2.0095,0,0,0,0,0,0,0,0,0,0,0,0
2.0095,2.0096,2.0097,2.0097,20,20,12.693,2.0096,2.0095,2.0093,0,2.0095,2.0096,2.0097,2.0097,20,20,7.3534,2.0096,2.0094,2.0093,0,2.0094,2.0095,2.0096,2.0096,20,20,4.3021,2.0095,2.0094,2.0092,0,2.0094,2.0095,2.0096,2.0096,20,20,2.7216,2.0095,2.0094,2.0093,0,2.0094,2.0094,2.0095,2.0096,20,20,2.1012,2.0095,2.0094,2.0093,0,2.0093,2.0094,2.0095,2.1012,20,20,2.0096,2.0095,2.0095,2.0094,0,2.0093,2.0094,2.0095,2.7216,20,20,2.0096,2.0096,2.0095,2.0094,0,2.0092,2.0094,2.0095,4.3022,20,20,2.0096,2.0096,2.0095,2.0095,0,2.0092,2.0094,2.0096,7.3543,20,20,2.0097,2.0097,2.0096,2.0095,0,2.0093,2.0095,2.0096,12.696,20,20,2.0097,2.0097,2.0096,2.0095,0,0,0,0,0,0,0,0,0,0,0,0
2.0095,2.0097,2.0097,20,20,20,20,2.0446,2.0095,2.0093,0,2.0095,2.0096,2.0097,20,20,20,20,2.0096,2.0094,2.0093,0,2.0095,2.0096,2.0096,20,20,20,20,2.0096,2.0094,2.0093,0,2.0094,2.0095,2.0096,20,20,20,20,2.0096,2.0094,2.0093,0,2.0094,2.0095,2.0096,20,20,20,20,2.0095,2.0094,2.0094,0,2.0094,2.0094,2.0095,20,20,20,20,2.0096,2.0095,2.0094,0,2.0093,2.0094,2.0096,20,20,20,20,2.0096,2.0095,2.0094,0,2.0093,2.0094,2.0096,20,20,20,20,2.0096,2.0096,2.0095,0,2.0093,2.0094,2.0096,20,20,20,20,2.0097,2.0096,2.0095,0,2.0093,2.0095,2.0446,20,20,20,20,2.0097,2.0097,2.0096,0,0,0,0,0,0,0,0,0,0,0,0
2.0095,2.0096,2.0097,20,20,20,20,2.0108,2.0095,2.0094,0,2.0095,2.0095,2.0096,20,20,20,20,2.0098,2.0095,2.0093,0,2.0094,2.0095,2.0096,20,20,20,20,2.0096,2.0095,2.0093,0,2.0094,2.0095,2.0095,20,20,20,20,2.0096,2.0094,2.0093,0,2.0093,2.0094,2.0096,20,20,20,20,2.0096,2.0094,2.0093,0,2.0093,2.0094,2.0096,20,20,20,20,2.0096,2.0094,2.0093,0,2.0093,2.0094,2.0096,20,20,20,20,2.0095,2.0095,2.0094,0,2.0093,2.0095,2.0096,20,20,20,20,2.0096,2.0095,2.0094,0,2.0093,2.0095,2.0098,20,20,20,20,2.0096,2.0095,2.0094,0,2.0094,2.0095,2.0108,20,20,20,20,2.0097,2.0096,2.0095,0,0,0,0,0,0,0,0,0,0,0,0
2.0095,2.0096,2.0097,2.0098,20,20,2.3329,2.0096,2.0095,2.0093,0,2.0095,2.0096,2.0096,2.0097,20,20,2.0501,2.0096,2.0095,2.0093,0,2.0094,2.0095,2.0096,2.0097,20,20,2.0106,2.0096,2.0094,2.0093,0,2.0094,2.0095,2.0095,2.0096,20,20,2.0097,2.0095,2.0094,2.0092,0,2.0093,2.0094,2.0095,2.0096,20,20,2.0096,2.0095,2.0094,2.0093,0,2.0093,2.0094,2.0095,2.0096,20,20,2.0096,2.0095,2.0094,2.0093,0,2.0092,2.0094,2.0095,2.0097,20,20,2.0096,2.0095,2.0095,2.0094,0,2.0093,2.0094,2.0096,2.0106,20,20,2.0097,2.0096,2.0095,2.0094,0,2.0093,2.0095,2.0096,2.05,20,20,2.0097,2.0096,2.0096,2.0094,0,2.0093,2.0095,2.0096,2.3328,20,20,2.0098,2.0097,2.0096,2.0095,0,0,0,0,0,0,0,0,0,0,0,0
2.0095,2.0096,2.0097,2.0097,2.0097,2.0096,2.0096,2.0095,2.0094,2.0093,0,2.0094,2.0095,2.0096,2.0097,2.0097,2.0096,2.0096,2.0095,2.0094,2.0092,0,2.0094,2.0095,2.0096,2.0096,2.0096,2.0096,2.0095,2.0095,2.0093,2.0092,0,2.0093,2.0094,2.0095,2.0096,2.0096,2.0096,2.0095,2.0094,2.0093,2.0092,0,2.0093,2.0094,2.0095,2.0095,2.0096,2.0095,2.0095,2.0094,2.0093,2.0093,0,2.0093,2.0093,2.0094,2.0095,2.0095,2.0096,2.0095,2.0095,2.0094,2.0093,0,2.0092,2.0093,2.0094,2.0095,2.0096,2.0096,2.0096,2.0095,2.0094,2.0093,0,2.0092,2.0093,2.0095,2.0095,2.0096,2.0096,2.0096,2.0096,2.0095,2.0094,0,2.0092,2.0094,2.0095,2.0096,2.0096,2.0097,2.0097,2.0096,2.0095,2.0094,0,2.0093,2.0094,2.0095,2.0096,2.0096,2.0097,2.0097,2.0097,2.0096,2.0095,0,0,0,0,0,0,0,0,0,0,0,0
2.0094,2.0095,2.0096,2.0096,2.0096,2.0095,2.0095,2.0094,2.0093,2.0092,0,2.0094,2.0095,2.0095,2.0096,2.0096,2.0094,2.0094,2.0094,2.0092,2.0091,0,2.0093,2.0094,2.0095,2.0095,2.0096,2.0094,2.0094,2.0093,2.0092,2.0091,0,2.0093,2.0094,2.0095,2.0095,2.0095,2.0094,2.0094,2.0093,2.0093,2.0092,0,2.0092,2.0093,2.0094,2.0095,2.0095,2.0095,2.0094,2.0094,2.0093,2.0092,0,2.0092,2.0093,2.0094,2.0094,2.0095,2.0095,2.0095,2.0094,2.0093,2.0092,0,2.0092,2.0093,2.0093,2.0094,2.0094,2.0095,2.0095,2.0095,2.0094,2.0093,0,2.0091,2.0092,2.0093,2.0094,2.0094,2.0096,2.0096,2.0095,2.0094,2.0093,0,2.0091,2.0092,2.0093,2.0094,2.0094,2.0096,2.0096,2.0095,2.0095,2.0094,0,2.0091,2.0093,2.0094,2.0094,2.0095,2.0096,2.0096,2.0096,2.0095,2.0094,0,0,0,0,0,0,0,0,0,0,0,0
2.0093,2.0094,2.0095,2.0095,2.0095,2.0093,2.0093,2.0092,2.0091,2.009,0,2.0093,2.0094,2.0094,2.0095,2.0095,2.0093,2.0092,2.0092,2.0091,2.009,0,2.0092,2.0093,2.0094,2.0095,2.0095,2.0093,2.0093,2.0092,2.0091,2.0091,0,2.0092,2.0093,2.0094,2.0094,2.0094,2.0094,2.0093,2.0093,2.0092,2.0091,0,2.0092,2.0093,2.0093,2.0094,2.0094,2.0094,2.0094,2.0093,2.0092,2.0091,0,2.0091,2.0092,2.0093,2.0093,2.0094,2.0094,2.0094,2.0093,2.0093,2.0092,0,2.0091,2.0092,2.0092,2.0093,2.0093,2.0094,2.0094,2.0094,2.0093,2.0092,0,2.009,2.0091,2.0092,2.0093,2.0093,2.0095,2.0095,2.0094,2.0093,2.0092,0,2.009,2.0091,2.0092,2.0092,2.0093,2.0095,2.0095,2.0095,2.0094,2.0093,0,2.009,2.0091,2.0092,2.0093,2.0093,2.0095,2.0095,2.0095,2.0094,2.0093,0,0,0,0,0,0,0,0,0,0,0,0
0,0,0,0,0,0,0,0,0,0,0,0,0,0,0,0,0,0,0,0,0,0,0,0,0,0,0,0,0,0,0,0,0,0,0,0,0,0,0,0,0,0,0,0,0,0,0,0,0,0,0,0,0,0,0,0,0,0,0,0,0,0,0,0,0,0,0,0,0,0,0,0,0,0,0,0,0,0,0,0,0,0,0,0,0,0,0,0,0,0,0,0,0,0,0,0,0,0,0,0,0,0,0,0,0,0,0,0,0,0,0,0,0,0,0,0,0,0,0,0,0
2.0093,2.0094,2.0094,2.0094,2.0094,2.0094,2.0093,2.0093,2.0092,2.009,0,2.0093,2.0093,2.0094,2.0094,2.0094,2.0094,2.0093,2.0092,2.0091,2.009,0,2.0092,2.0093,2.0093,2.0094,2.0093,2.0093,2.0093,2.0092,2.0091,2.009,0,2.0092,2.0093,2.0093,2.0093,2.0093,2.0093,2.0092,2.0092,2.0091,2.0091,0,2.0092,2.0092,2.0093,2.0093,2.0093,2.0093,2.0092,2.0092,2.0092,2.0091,0,2.0091,2.0092,2.0092,2.0093,2.0093,2.0093,2.0093,2.0093,2.0092,2.0092,0,2.0091,2.0091,2.0092,2.0092,2.0093,2.0093,2.0093,2.0093,2.0093,2.0092,0,2.009,2.0091,2.0092,2.0093,2.0093,2.0093,2.0094,2.0093,2.0093,2.0092,0,2.009,2.0091,2.0092,2.0093,2.0094,2.0094,2.0094,2.0094,2.0093,2.0093,0,2.009,2.0092,2.0093,2.0093,2.0094,2.0094,2.0094,2.0094,2.0094,2.0093,0,0,0,0,0,0,0,0,0,0,0,0
2.0094,2.0095,2.0095,2.0095,2.0095,2.0096,2.0095,2.0094,2.0093,2.0091,0,2.0094,2.0094,2.0095,2.0095,2.0095,2.0095,2.0095,2.0094,2.0093,2.0091,0,2.0093,2.0094,2.0094,2.0094,2.0094,2.0095,2.0094,2.0093,2.0092,2.0091,0,2.0093,2.0094,2.0094,2.0094,2.0094,2.0095,2.0094,2.0093,2.0092,2.0092,0,2.0092,2.0093,2.0094,2.0094,2.0094,2.0094,2.0094,2.0093,2.0093,2.0092,0,2.0092,2.0093,2.0093,2.0094,2.0094,2.0094,2.0094,2.0094,2.0093,2.0093,0,2.0092,2.0092,2.0093,2.0094,2.0095,2.0094,2.0094,2.0094,2.0094,2.0093,0,2.0091,2.0092,2.0093,2.0094,2.0095,2.0094,2.0094,2.0094,2.0094,2.0093,0,2.0091,2.0093,2.0094,2.0095,2.0095,2.0095,2.0095,2.0095,2.0094,2.0094,0,2.0091,2.0093,2.0094,2.0095,2.0096,2.0095,2.0095,2.0095,2.0095,2.0094,0,0,0,0,0,0,0,0,0,0,0,0
2.0095,2.0096,2.0096,2.0096,2.0096,2.0107,2.0097,2.0095,2.0094,2.0092,0,2.0094,2.0095,2.0096,2.0096,2.0095,2.0101,2.0096,2.0095,2.0093,2.0092,0,2.0094,2.0095,2.0095,2.0095,2.0095,2.0097,2.0096,2.0095,2.0093,2.0092,0,2.0094,2.0094,2.0095,2.0095,2.0095,2.0096,2.0095,2.0094,2.0093,2.0092,0,2.0093,2.0094,2.0094,2.0095,2.0096,2.0096,2.0095,2.0094,2.0093,2.0093,0,2.0093,2.0093,2.0094,2.0095,2.0096,2.0096,2.0095,2.0094,2.0094,2.0093,0,2.0092,2.0093,2.0094,2.0095,2.0096,2.0095,2.0095,2.0095,2.0094,2.0094,0,2.0092,2.0093,2.0095,2.0096,2.0097,2.0095,2.0095,2.0095,2.0095,2.0094,0,2.0092,2.0093,2.0095,2.0096,2.01,2.0095,2.0096,2.0096,2.0095,2.0095,0,2.0092,2.0094,2.0095,2.0097,2.0107,2.0096,2.0096,2.0096,2.0096,2.0095,0,0,0,0,0,0,0,0,0,0,0,0
2.0095,2.0096,2.0097,2.0097,20,20,19.999,2.0096,2.0094,2.0093,0,2.0095,2.0096,2.0097,2.0097,20,20,13.07,2.0096,2.0094,2.0092,0,2.0095,2.0095,2.0096,2.0096,20,20,7.4789,2.0095,2.0094,2.0093,0,2.0094,2.0095,2.0096,2.0096,20,20,4.2999,2.0095,2.0094,2.0093,0,2.0094,2.0095,2.0095,2.0666,20,20,2.6642,2.0095,2.0094,2.0093,0,2.0093,2.0094,2.0095,2.6643,20,20,2.0666,2.0095,2.0095,2.0094,0,2.0093,2.0094,2.0095,4.3,20,20,2.0096,2.0096,2.0095,2.0094,0,2.0093,2.0094,2.0095,7.4798,20,20,2.0096,2.0096,2.0096,2.0095,0,2.0092,2.0094,2.0096,13.073,20,20,2.0097,2.0097,2.0096,2.0095,0,2.0093,2.0094,2.0096,20,20,20,2.0097,2.0097,2.0096,2.0096,0,0,0,0,0,0,0,0,0,0,0,0
2.0096,2.0097,2.0098,20,20,20,20,2.0615,2.0094,2.0093,0,2.0095,2.0096,2.0097,20,20,20,20,2.0096,2.0094,2.0093,0,2.0095,2.0096,2.0097,20,20,20,20,2.0096,2.0094,2.0093,0,2.0095,2.0095,2.0096,20,20,20,20,2.0095,2.0094,2.0093,0,2.0094,2.0095,2.0096,20,20,20,20,2.0095,2.0095,2.0094,0,2.0094,2.0095,2.0095,20,20,20,20,2.0096,2.0095,2.0094,0,2.0093,2.0094,2.0095,20,20,20,20,2.0096,2.0096,2.0095,0,2.0093,2.0094,2.0096,20,20,20,20,2.0097,2.0096,2.0095,0,2.0093,2.0094,2.0096,20,20,20,20,2.0097,2.0096,2.0095,0,2.0093,2.0094,2.0615,20,20,20,20,2.0098,2.0097,2.0096,0,0,0,0,0,0,0,0,0,0,0,0
2.0095,2.0096,2.0097,20,20,20,20,2.0111,2.0096,2.0094,0,2.0094,2.0095,2.0096,20,20,20,20,2.01,2.0095,2.0094,0,2.0094,2.0095,2.0096,20,20,20,20,2.0097,2.0095,2.0093,0,2.0094,2.0094,2.0095,20,20,20,20,2.0096,2.0095,2.0093,0,2.0093,2.0094,2.0096,20,20,20,20,2.0096,2.0094,2.0093,0,2.0093,2.0094,2.0096,20,20,20,20,2.0096,2.0094,2.0093,0,2.0093,2.0095,2.0096,20,20,20,20,2.0095,2.0094,2.0093,0,2.0093,2.0095,2.0097,20,20,20,20,2.0096,2.0095,2.0094,0,2.0094,2.0095,2.01,20,20,20,20,2.0096,2.0095,2.0094,0,2.0094,2.0096,2.0111,20,20,20,20,2.0097,2.0096,2.0095,0,0,0,0,0,0,0,0,0,0,0,0
2.0095,2.0096,2.0097,2.0098,20,20,2.036,2.0097,2.0095,2.0093,0,2.0094,2.0095,2.0096,2.0097,20,20,2.0114,2.0096,2.0095,2.0093,0,2.0094,2.0095,2.0096,2.0097,20,20,2.0101,2.0096,2.0094,2.0093,0,2.0094,2.0095,2.0095,2.0096,20,20,2.0097,2.0095,2.0094,2.0092,0,2.0093,2.0094,2.0095,2.0096,20,20,2.0096,2.0095,2.0094,2.0093,0,2.0093,2.0094,2.0095,2.0096,20,20,2.0096,2.0095,2.0094,2.0093,0,2.0092,2.0094,2.0095,2.0097,20,20,2.0096,2.0095,2.0095,2.0094,0,2.0093,2.0094,2.0096,2.0101,20,20,2.0097,2.0096,2.0095,2.0094,0,2.0093,2.0095,2.0096,2.0114,20,20,2.0097,2.0096,2.0095,2.0094,0,2.0093,2.0095,2.0097,2.0359,20,20,2.0098,2.0097,2.0096,2.0095,0,0,0,0,0,0,0,0,0,0,0,0
2.0095,2.0096,2.0097,2.0097,2.0097,2.0096,2.0096,2.0095,2.0094,2.0093,0,2.0094,2.0095,2.0096,2.0097,2.0097,2.0096,2.0096,2.0095,2.0094,2.0092,0,2.0094,2.0095,2.0096,2.0096,2.0097,2.0096,2.0095,2.0095,2.0093,2.0092,0,2.0093,2.0094,2.0095,2.0096,2.0096,2.0095,2.0095,2.0094,2.0093,2.0092,0,2.0093,2.0094,2.0095,2.0096,2.0096,2.0096,2.0095,2.0094,2.0093,2.0092,0,2.0093,2.0093,2.0094,2.0095,2.0096,2.0096,2.0096,2.0095,2.0094,2.0093,0,2.0092,2.0093,2.0094,2.0095,2.0095,2.0096,2.0096,2.0095,2.0094,2.0093,0,2.0092,2.0093,2.0095,2.0095,2.0096,2.0097,2.0096,2.0096,2.0095,2.0094,0,2.0092,2.0094,2.0095,2.0096,2.0096,2.0097,2.0097,2.0096,2.0095,2.0094,0,2.0093,2.0094,2.0095,2.0096,2.0096,2.0097,2.0097,2.0097,2.0096,2.0094,0,0,0,0,0,0,0,0,0,0,0,0
2.0094,2.0095,2.0096,2.0096,2.0097,2.0094,2.0094,2.0094,2.0093,2.0092,0,2.0094,2.0095,2.0096,2.0096,2.0096,2.0094,2.0094,2.0093,2.0092,2.0091,0,2.0093,2.0094,2.0095,2.0096,2.0096,2.0094,2.0094,2.0093,2.0092,2.0091,0,2.0093,2.0094,2.0095,2.0095,2.0096,2.0095,2.0094,2.0093,2.0093,2.0092,0,2.0092,2.0093,2.0094,2.0095,2.0095,2.0095,2.0095,2.0094,2.0093,2.0092,0,2.0092,2.0093,2.0094,2.0095,2.0095,2.0095,2.0095,2.0094,2.0093,2.0092,0,2.0092,2.0093,2.0093,2.0094,2.0095,2.0096,2.0095,2.0095,2.0094,2.0093,0,2.0091,2.0092,2.0093,2.0094,2.0094,2.0096,2.0096,2.0095,2.0094,2.0093,0,2.0091,2.0092,2.0093,2.0094,2.0094,2.0096,2.0096,2.0096,2.0095,2.0094,0,2.0091,2.0093,2.0094,2.0094,2.0094,2.0097,2.0097,2.0096,2.0095,2.0094,0,0,0,0,0,0,0,0,0,0,0,0
2.0093,2.0094,2.0095,2.0095,2.0096,2.0093,2.0093,2.0092,2.0091,2.009,0,2.0093,2.0094,2.0095,2.0095,2.0095,2.0093,2.0093,2.0092,2.0091,2.009,0,2.0092,2.0093,2.0094,2.0095,2.0095,2.0094,2.0093,2.0092,2.0092,2.0091,0,2.0092,2.0093,2.0094,2.0094,2.0095,2.0094,2.0093,2.0093,2.0092,2.0091,0,2.0092,2.0093,2.0093,2.0094,2.0094,2.0094,2.0094,2.0093,2.0092,2.0091,0,2.0091,2.0092,2.0093,2.0094,2.0094,2.0095,2.0094,2.0094,2.0093,2.0092,0,2.0091,2.0092,2.0093,2.0093,2.0094,2.0095,2.0095,2.0094,2.0093,2.0092,0,2.009,2.0091,2.0092,2.0093,2.0093,2.0095,2.0095,2.0094,2.0094,2.0092,0,2.009,2.0091,2.0092,2.0093,2.0093,2.0095,2.0095,2.0095,2.0094,2.0093,0,2.009,2.0091,2.0092,2.0093,2.0093,2.0096,2.0096,2.0095,2.0094,2.0093,0,0,0,0,0,0,0,0,0,0,0,0
0,0,0,0,0,0,0,0,0,0,0,0,0,0,0,0,0,0,0,0,0,0,0,0,0,0,0,0,0,0,0,0,0,0,0,0,0,0,0,0,0,0,0,0,0,0,0,0,0,0,0,0,0,0,0,0,0,0,0,0,0,0,0,0,0,0,0,0,0,0,0,0,0,0,0,0,0,0,0,0,0,0,0,0,0,0,0,0,0,0,0,0,0,0,0,0,0,0,0,0,0,0,0,0,0,0,0,0,0,0,0,0,0,0,0,0,0,0,0,0,0
2.0093,2.0094,2.0094,2.0094,2.0094,2.0094,2.0094,2.0093,2.0092,2.009,0,2.0092,2.0093,2.0094,2.0094,2.0093,2.0094,2.0093,2.0092,2.0091,2.009,0,2.0092,2.0093,2.0093,2.0093,2.0093,2.0093,2.0093,2.0092,2.0091,2.009,0,2.0092,2.0093,2.0093,2.0093,2.0093,2.0093,2.0093,2.0092,2.0091,2.0091,0,2.0091,2.0092,2.0093,2.0093,2.0093,2.0093,2.0092,2.0092,2.0092,2.0091,0,2.0091,2.0092,2.0092,2.0092,2.0093,2.0093,2.0093,2.0092,2.0092,2.0092,0,2.0091,2.0091,2.0092,2.0093,2.0093,2.0093,2.0093,2.0093,2.0093,2.0092,0,2.009,2.0091,2.0092,2.0093,2.0093,2.0093,2.0093,2.0093,2.0093,2.0092,0,2.009,2.0091,2.0092,2.0093,2.0094,2.0093,2.0094,2.0094,2.0093,2.0093,0,2.009,2.0092,2.0093,2.0094,2.0094,2.0094,2.0094,2.0094,2.0094,2.0093,0,0,0,0,0,0,0,0,0,0,0,0
2.0094,2.0095,2.0095,2.0095,2.0095,2.0096,2.0095,2.0094,2.0093,2.0091,0,2.0094,2.0094,2.0095,2.0095,2.0094,2.0095,2.0095,2.0094,2.0093,2.0091,0,2.0093,2.0094,2.0094,2.0094,2.0094,2.0095,2.0095,2.0093,2.0092,2.0091,0,2.0093,2.0093,2.0094,2.0094,2.0094,2.0095,2.0094,2.0093,2.0092,2.0092,0,2.0092,2.0093,2.0093,2.0094,2.0094,2.0095,2.0094,2.0093,2.0093,2.0092,0,2.0092,2.0093,2.0093,2.0094,2.0095,2.0094,2.0094,2.0093,2.0093,2.0093,0,2.0092,2.0092,2.0093,2.0094,2.0095,2.0094,2.0094,2.0094,2.0094,2.0093,0,2.0091,2.0092,2.0093,2.0095,2.0095,2.0094,2.0094,2.0094,2.0094,2.0093,0,2.0091,2.0093,2.0094,2.0095,2.0095,2.0094,2.0095,2.0095,2.0094,2.0094,0,2.0091,2.0093,2.0094,2.0095,2.0096,2.0095,2.0095,2.0095,2.0095,2.0094,0,0,0,0,0,0,0,0,0,0,0,0
2.0095,2.0096,2.0096,2.0096,2.0095,2.0149,2.0097,2.0095,2.0094,2.0092,0,2.0094,2.0095,2.0096,2.0096,2.0095,2.011,2.0096,2.0095,2.0093,2.0092,0,2.0094,2.0095,2.0095,2.0095,2.0095,2.0103,2.0096,2.0095,2.0093,2.0092,0,2.0094,2.0094,2.0095,2.0095,2.0096,2.0097,2.0096,2.0094,2.0093,2.0092,0,2.0093,2.0094,2.0094,2.0095,2.0096,2.0096,2.0095,2.0094,2.0093,2.0093,0,2.0093,2.0093,2.0094,2.0095,2.0096,2.0096,2.0095,2.0094,2.0094,2.0093,0,2.0092,2.0093,2.0094,2.0096,2.0097,2.0096,2.0095,2.0095,2.0094,2.0094,0,2.0092,2.0093,2.0095,2.0096,2.0103,2.0095,2.0095,2.0095,2.0095,2.0094,0,2.0092,2.0093,2.0095,2.0096,2.011,2.0095,2.0096,2.0096,2.0095,2.0095,0,2.0092,2.0094,2.0095,2.0097,2.015,2.0095,2.0096,2.0096,2.0096,2.0095,0,0,0,0,0,0,0,0,0,0,0,0
2.0096,2.0096,2.0097,2.0097,20,20,20,2.0096,2.0094,2.0093,0,2.0095,2.0096,2.0097,2.0097,20,20,20,2.0096,2.0094,2.0092,0,2.0095,2.0096,2.0096,2.0096,20,20,13.067,2.0095,2.0094,2.0093,0,2.0094,2.0095,2.0096,2.0232,20,20,7.3484,2.0095,2.0094,2.0093,0,2.0094,2.0095,2.0095,2.5257,20,20,4.1122,2.0095,2.0094,2.0094,0,2.0094,2.0094,2.0095,4.1123,20,20,2.5257,2.0095,2.0095,2.0094,0,2.0093,2.0094,2.0095,7.349,20,20,2.0232,2.0096,2.0095,2.0094,0,2.0093,2.0094,2.0095,13.07,20,20,2.0096,2.0096,2.0096,2.0095,0,2.0092,2.0094,2.0096,20,20,20,2.0097,2.0097,2.0096,2.0095,0,2.0093,2.0094,2.0096,20,20,20,2.0097,2.0097,2.0096,2.0096,0,0,0,0,0,0,0,0,0,0,0,0
2.0096,2.0097,2.0098,20,20,20,20,2.0767,2.0094,2.0093,0,2.0096,2.0097,2.0097,20,20,20,20,2.0096,2.0094,2.0093,0,2.0095,2.0096,2.0097,20,20,20,20,2.0095,2.0094,2.0093,0,2.0095,2.0096,2.0096,20,20,20,20,2.0095,2.0094,2.0094,0,2.0094,2.0095,2.0096,20,20,20,20,2.0096,2.0095,2.0094,0,2.0094,2.0095,2.0096,20,20,20,20,2.0096,2.0095,2.0095,0,2.0094,2.0094,2.0095,20,20,20,20,2.0096,2.0096,2.0095,0,2.0093,2.0094,2.0095,20,20,20,20,2.0097,2.0096,2.0095,0,2.0093,2.0094,2.0096,20,20,20,20,2.0097,2.0097,2.0096,0,2.0092,2.0094,2.0767,20,20,20,20,2.0098,2.0097,2.0096,0,0,0,0,0,0,0,0,0,0,0,0
2.0094,2.0095,2.0096,20,20,20,20,2.0114,2.0096,2.0094,0,2.0094,2.0095,2.0096,20,20,20,20,2.0102,2.0095,2.0094,0,2.0094,2.0095,2.0096,20,20,20,20,2.0097,2.0095,2.0093,0,2.0093,2.0094,2.0096,20,20,20,20,2.0096,2.0095,2.0093,0,2.0093,2.0094,2.0096,20,20,20,20,2.0096,2.0095,2.0093,0,2.0093,2.0095,2.0096,20,20,20,20,2.0096,2.0094,2.0093,0,2.0093,2.0095,2.0096,20,20,20,20,2.0096,2.0094,2.0093,0,2.0093,2.0095,2.0097,20,20,20,20,2.0096,2.0095,2.0094,0,2.0094,2.0095,2.0102,20,20,20,20,2.0096,2.0095,2.0094,0,2.0094,2.0096,2.0114,20,20,20,20,2.0096,2.0095,2.0094,0,0,0,0,0,0,0,0,0,0,0,0
2.0095,2.0096,2.0097,2.0098,20,20,2.0123,2.0097,2.0095,2.0094,0,2.0094,2.0095,2.0096,2.0097,20,20,2.0108,2.0096,2.0095,2.0093,0,2.0094,2.0095,2.0096,2.0097,20,20,2.0098,2.0096,2.0095,2.0093,0,2.0093,2.0094,2.0095,2.0096,20,20,2.0097,2.0096,2.0094,2.0093,0,2.0093,2.0094,2.0095,2.0096,20,20,2.0096,2.0095,2.0094,2.0093,0,2.0093,2.0094,2.0095,2.0096,20,20,2.0096,2.0095,2.0094,2.0093,0,2.0093,2.0094,2.0096,2.0097,20,20,2.0096,2.0095,2.0094,2.0093,0,2.0093,2.0094,2.0096,2.0098,20,20,2.0097,2.0096,2.0095,2.0094,0,2.0093,2.0095,2.0096,2.0108,20,20,2.0097,2.0096,2.0095,2.0094,0,2.0094,2.0095,2.0097,2.0123,20,20,2.0098,2.0097,2.0096,2.0095,0,0,0,0,0,0,0,0,0,0,0,0
2.0095,2.0096,2.0097,2.0097,2.0098,2.0096,2.0096,2.0095,2.0094,2.0093,0,2.0094,2.0095,2.0096,2.0097,2.0097,2.0096,2.0096,2.0095,2.0094,2.0092,0,2.0094,2.0095,2.0096,2.0097,2.0097,2.0095,2.0095,2.0095,2.0093,2.0092,0,2.0093,2.0094,2.0095,2.0096,2.0097,2.0096,2.0095,2.0094,2.0093,2.0092,0,2.0093,2.0094,2.0095,2.0096,2.0096,2.0096,2.0095,2.0094,2.0093,2.0092,0,2.0092,2.0093,2.0094,2.0095,2.0096,2.0096,2.0096,2.0095,2.0094,2.0093,0,2.0092,2.0093,2.0094,2.0095,2.0096,2.0097,2.0096,2.0095,2.0094,2.0093,0,2.0092,2.0093,2.0095,2.0095,2.0095,2.0097,2.0097,2.0096,2.0095,2.0094,0,2.0092,2.0094,2.0095,2.0096,2.0096,2.0097,2.0097,2.0096,2.0095,2.0094,0,2.0093,2.0094,2.0095,2.0096,2.0096,2.0098,2.0097,2.0097,2.0096,2.0094,0,0,0,0,0,0,0,0,0,0,0,0
2.0094,2.0095,2.0096,2.0097,2.0097,2.0094,2.0094,2.0094,2.0093,2.0092,0,2.0094,2.0095,2.0096,2.0096,2.0097,2.0094,2.0094,2.0093,2.0092,2.0091,0,2.0093,2.0094,2.0095,2.0096,2.0096,2.0095,2.0094,2.0093,2.0092,2.0091,0,2.0093,2.0094,2.0095,2.0096,2.0096,2.0095,2.0094,2.0094,2.0093,2.0092,0,2.0092,2.0093,2.0094,2.0095,2.0096,2.0095,2.0095,2.0094,2.0093,2.0092,0,2.0092,2.0093,2.0094,2.0095,2.0095,2.0096,2.0095,2.0094,2.0094,2.0092,0,2.0092,2.0093,2.0094,2.0094,2.0095,2.0096,2.0096,2.0095,2.0094,2.0093,0,2.0091,2.0092,2.0093,2.0094,2.0095,2.0096,2.0096,2.0095,2.0094,2.0093,0,2.0091,2.0092,2.0093,2.0094,2.0094,2.0097,2.0096,2.0096,2.0095,2.0094,0,2.0091,2.0093,2.0094,2.0094,2.0094,2.0097,2.0097,2.0096,2.0095,2.0094,0,0,0,0,0,0,0,0,0,0,0,0
2.0093,2.0094,2.0095,2.0096,2.0096,2.0093,2.0092,2.0092,2.0091,2.009,0,2.0093,2.0094,2.0095,2.0095,2.0096,2.0093,2.0093,2.0092,2.0091,2.009,0,2.0092,2.0093,2.0094,2.0095,2.0095,2.0094,2.0093,2.0093,2.0092,2.0091,0,2.0092,2.0093,2.0094,2.0095,2.0095,2.0094,2.0094,2.0093,2.0092,2.0091,0,2.0092,2.0093,2.0094,2.0094,2.0095,2.0095,2.0094,2.0093,2.0092,2.0091,0,2.0091,2.0092,2.0093,2.0094,2.0094,2.0095,2.0094,2.0094,2.0093,2.0092,0,2.0091,2.0092,2.0093,2.0094,2.0094,2.0095,2.0095,2.0094,2.0093,2.0092,0,2.009,2.0091,2.0092,2.0093,2.0094,2.0095,2.0095,2.0095,2.0094,2.0092,0,2.009,2.0091,2.0092,2.0093,2.0093,2.0096,2.0095,2.0095,2.0094,2.0093,0,2.009,2.0091,2.0092,2.0092,2.0093,2.0096,2.0096,2.0095,2.0094,2.0093,0,0,0,0,0,0,0,0,0,0,0,0
0,0,0,0,0,0,0,0,0,0,0,0,0,0,0,0,0,0,0,0,0,0,0,0,0,0,0,0,0,0,0,0,0,0,0,0,0,0,0,0,0,0,0,0,0,0,0,0,0,0,0,0,0,0,0,0,0,0,0,0,0,0,0,0,0,0,0,0,0,0,0,0,0,0,0,0,0,0,0,0,0,0,0,0,0,0,0,0,0,0,0,0,0,0,0,0,0,0,0,0,0,0,0,0,0,0,0,0,0,0,0,0,0,0,0,0,0,0,0,0,0
2.0093,2.0093,2.0094,2.0094,2.0093,2.0094,2.0094,2.0093,2.0092,2.009,0,2.0092,2.0093,2.0093,2.0093,2.0093,2.0094,2.0093,2.0093,2.0091,2.009,0,2.0092,2.0093,2.0093,2.0093,2.0093,2.0094,2.0093,2.0092,2.0091,2.009,0,2.0092,2.0092,2.0093,2.0093,2.0093,2.0093,2.0093,2.0092,2.0091,2.0091,0,2.0091,2.0092,2.0092,2.0092,2.0093,2.0093,2.0093,2.0092,2.0092,2.0091,0,2.0091,2.0092,2.0092,2.0093,2.0093,2.0093,2.0092,2.0092,2.0092,2.0091,0,2.0091,2.0091,2.0092,2.0093,2.0093,2.0093,2.0093,2.0093,2.0092,2.0092,0,2.009,2.0091,2.0092,2.0093,2.0094,2.0093,2.0093,2.0093,2.0093,2.0092,0,2.009,2.0091,2.0093,2.0093,2.0094,2.0093,2.0093,2.0093,2.0093,2.0093,0,2.009,2.0092,2.0093,2.0094,2.0094,2.0093,2.0094,2.0094,2.0094,2.0093,0,0,0,0,0,0,0,0,0,0,0,0
2.0094,2.0095,2.0095,2.0095,2.0094,2.0096,2.0095,2.0094,2.0093,2.0091,0,2.0094,2.0094,2.0095,2.0094,2.0094,2.0096,2.0095,2.0094,2.0093,2.0091,0,2.0093,2.0094,2.0094,2.0094,2.0094,2.0095,2.0095,2.0094,2.0092,2.0091,0,2.0093,2.0093,2.0094,2.0094,2.0094,2.0095,2.0094,2.0093,2.0092,2.0092,0,2.0092,2.0093,2.0093,2.0094,2.0095,2.0095,2.0094,2.0093,2.0093,2.0092,0,2.0092,2.0093,2.0093,2.0094,2.0095,2.0095,2.0094,2.0093,2.0093,2.0093,0,2.0092,2.0092,2.0093,2.0094,2.0095,2.0094,2.0094,2.0094,2.0093,2.0093,0,2.0091,2.0092,2.0094,2.0095,2.0095,2.0094,2.0094,2.0094,2.0094,2.0093,0,2.0091,2.0093,2.0094,2.0095,2.0096,2.0094,2.0094,2.0095,2.0094,2.0094,0,2.0091,2.0093,2.0094,2.0095,2.0096,2.0094,2.0095,2.0095,2.0095,2.0094,0,0,0,0,0,0,0,0,0,0,0,0
2.0095,2.0096,2.0096,2.0096,2.0095,2.1149,2.01,2.0095,2.0094,2.0092,0,2.0094,2.0095,2.0096,2.0095,2.0095,2.0967,2.0096,2.0095,2.0093,2.0092,0,2.0094,2.0095,2.0095,2.0095,2.0096,2.0736,2.0096,2.0095,2.0093,2.0092,0,2.0094,2.0094,2.0095,2.0095,2.0096,2.0491,2.0096,2.0094,2.0093,2.0093,0,2.0093,2.0094,2.0094,2.0095,2.0096,2.0252,2.0095,2.0094,2.0093,2.0093,0,2.0093,2.0093,2.0094,2.0095,2.0252,2.0096,2.0095,2.0094,2.0094,2.0093,0,2.0092,2.0093,2.0094,2.0096,2.0491,2.0096,2.0095,2.0095,2.0094,2.0094,0,2.0092,2.0093,2.0095,2.0096,2.0736,2.0096,2.0095,2.0095,2.0095,2.0094,0,2.0092,2.0093,2.0095,2.0096,2.0967,2.0095,2.0095,2.0096,2.0095,2.0095,0,2.0092,2.0094,2.0095,2.01,2.115,2.0095,2.0096,2.0096,2.0096,2.0095,0,0,0,0,0,0,0,0,0,0,0,0
2.0096,2.0097,2.0097,2.0097,20,20,20,2.0096,2.0094,2.0092,0,2.0095,2.0096,2.0097,2.0097,20,20,20,2.0096,2.0094,2.0092,0,2.0095,2.0096,2.0096,2.0096,20,20,19.994,2.0095,2.0093,2.0093,0,2.0094,2.0095,2.0096,2.3142,20,20,12.685,2.0095,2.0094,2.0093,0,2.0094,2.0095,2.0095,3.7384,20,20,6.9616,2.0095,2.0094,2.0094,0,2.0094,2.0094,2.0095,6.9621,20,20,3.7384,2.0095,2.0095,2.0094,0,2.0093,2.0094,2.0095,12.687,20,20,2.3142,2.0096,2.0095,2.0095,0,2.0093,2.0093,2.0095,19.997,20,20,2.0096,2.0096,2.0096,2.0095,0,2.0092,2.0094,2.0096,20,20,20,2.0097,2.0097,2.0096,2.0095,0,2.0092,2.0094,2.0096,20,20,20,2.0097,2.0097,2.0097,2.0096,0,0,0,0,0,0,0,0,0,0,0,0
2.0096,2.0097,2.0098,20,20,20,20,2.0869,2.0094,2.0093,0,2.0096,2.0097,2.0097,20,20,20,20,2.0096,2.0094,2.0093,0,2.0095,2.0096,2.0097,20,20,20,20,2.0095,2.0094,2.0094,0,2.0095,2.0096,2.0097,20,20,20,20,2.0095,2.0095,2.0094,0,2.0095,2.0095,2.0096,20,20,20,20,2.0096,2.0095,2.0094,0,2.0094,2.0095,2.0096,20,20,20,20,2.0096,2.0096,2.0095,0,2.0094,2.0095,2.0095,20,20,20,20,2.0097,2.0096,2.0095,0,2.0093,2.0094,2.0095,20,20,20,20,2.0097,2.0096,2.0096,0,2.0093,2.0094,2.0096,20,20,20,20,2.0097,2.0097,2.0096,0,2.0093,2.0094,2.087,20,20,20,20,2.0098,2.0097,2.0096,0,0,0,0,0,0,0,0,0,0,0,0
2.0094,2.0095,2.0096,20,20,20,20,2.0116,2.0096,2.0094,0,2.0094,2.0095,2.0096,20,20,20,20,2.0104,2.0096,2.0094,0,2.0093,2.0094,2.0095,20,20,20,20,2.0097,2.0095,2.0094,0,2.0093,2.0094,2.0096,20,20,20,20,2.0097,2.0095,2.0093,0,2.0093,2.0094,2.0096,20,20,20,20,2.0096,2.0095,2.0093,0,2.0093,2.0095,2.0096,20,20,20,20,2.0096,2.0094,2.0093,0,2.0093,2.0095,2.0097,20,20,20,20,2.0096,2.0094,2.0093,0,2.0094,2.0095,2.0097,20,20,20,20,2.0095,2.0094,2.0093,0,2.0094,2.0096,2.0104,20,20,20,20,2.0096,2.0095,2.0094,0,2.0094,2.0096,2.0116,20,20,20,20,2.0096,2.0095,2.0094,0,0,0,0,0,0,0,0,0,0,0,0
2.0095,2.0096,2.0097,2.0098,20,20,2.0116,2.0097,2.0095,2.0094,0,2.0094,2.0095,2.0096,2.0097,20,20,2.0104,2.0096,2.0095,2.0093,0,2.0094,2.0095,2.0096,2.0097,20,20,2.0097,2.0096,2.0095,2.0093,0,2.0093,2.0094,2.0095,2.0097,20,20,2.0097,2.0096,2.0094,2.0093,0,2.0093,2.0094,2.0095,2.0096,20,20,2.0096,2.0095,2.0094,2.0092,0,2.0092,2.0094,2.0095,2.0096,20,20,2.0096,2.0095,2.0094,2.0093,0,2.0093,2.0094,2.0096,2.0097,20,20,2.0097,2.0095,2.0094,2.0093,0,2.0093,2.0095,2.0096,2.0097,20,20,2.0097,2.0096,2.0095,2.0094,0,2.0093,2.0095,2.0096,2.0104,20,20,2.0097,2.0096,2.0095,2.0094,0,2.0094,2.0095,2.0097,2.0116,20,20,2.0098,2.0097,2.0096,2.0094,0,0,0,0,0,0,0,0,0,0,0,0
2.0094,2.0096,2.0097,2.0098,2.0098,2.0096,2.0096,2.0095,2.0094,2.0093,0,2.0094,2.0095,2.0096,2.0097,2.0098,2.0096,2.0096,2.0095,2.0094,2.0092,0,2.0094,2.0095,2.0096,2.0097,2.0097,2.0096,2.0095,2.0095,2.0093,2.0092,0,2.0093,2.0094,2.0095,2.0096,2.0097,2.0096,2.0095,2.0094,2.0093,2.0092,0,2.0093,2.0094,2.0095,2.0096,2.0097,2.0096,2.0095,2.0094,2.0093,2.0092,0,2.0092,2.0093,2.0094,2.0095,2.0096,2.0097,2.0096,2.0095,2.0094,2.0093,0,2.0092,2.0093,2.0094,2.0095,2.0096,2.0097,2.0096,2.0095,2.0094,2.0093,0,2.0092,2.0093,2.0095,2.0095,2.0096,2.0097,2.0097,2.0096,2.0095,2.0094,0,2.0092,2.0094,2.0095,2.0096,2.0096,2.0098,2.0097,2.0096,2.0095,2.0094,0,2.0093,2.0094,2.0095,2.0096,2.0096,2.0098,2.0098,2.0097,2.0096,2.0094,0,0,0,0,0,0,0,0,0,0,0,0
2.0094,2.0095,2.0096,2.0097,2.0097,2.0094,2.0094,2.0094,2.0093,2.0092,0,2.0094,2.0095,2.0096,2.0097,2.0097,2.0095,2.0094,2.0093,2.0092,2.0091,0,2.0093,2.0094,2.0095,2.0096,2.0097,2.0095,2.0094,2.0093,2.0092,2.0091,0,2.0093,2.0094,2.0095,2.0096,2.0096,2.0095,2.0095,2.0094,2.0093,2.0092,0,2.0092,2.0094,2.0095,2.0095,2.0096,2.0096,2.0095,2.0094,2.0093,2.0092,0,2.0092,2.0093,2.0094,2.0095,2.0096,2.0096,2.0095,2.0095,2.0094,2.0092,0,2.0092,2.0093,2.0094,2.0095,2.0095,2.0096,2.0096,2.0095,2.0094,2.0093,0,2.0091,2.0092,2.0093,2.0094,2.0095,2.0097,2.0096,2.0095,2.0094,2.0093,0,2.0091,2.0092,2.0093,2.0094,2.0095,2.0097,2.0097,2.0096,2.0095,2.0094,0,2.0091,2.0093,2.0094,2.0094,2.0094,2.0097,2.0097,2.0096,2.0095,2.0094,0,0,0,0,0,0,0,0,0,0,0,0
2.0093,2.0094,2.0095,2.0096,2.0096,2.0093,2.0093,2.0092,2.0091,2.009,0,2.0093,2.0094,2.0095,2.0096,2.0096,2.0094,2.0093,2.0092,2.0091,2.009,0,2.0092,2.0094,2.0094,2.0095,2.0096,2.0094,2.0093,2.0093,2.0092,2.0091,0,2.0092,2.0093,2.0094,2.0095,2.0095,2.0094,2.0094,2.0093,2.0092,2.0091,0,2.0092,2.0093,2.0094,2.0094,2.0095,2.0095,2.0094,2.0094,2.0093,2.0091,0,2.0091,2.0092,2.0093,2.0094,2.0095,2.0095,2.0095,2.0094,2.0093,2.0092,0,2.0091,2.0092,2.0093,2.0094,2.0094,2.0095,2.0095,2.0094,2.0093,2.0092,0,2.009,2.0091,2.0092,2.0093,2.0094,2.0096,2.0095,2.0095,2.0094,2.0092,0,2.009,2.0091,2.0092,2.0093,2.0094,2.0096,2.0096,2.0095,2.0094,2.0093,0,2.009,2.0091,2.0092,2.0093,2.0093,2.0096,2.0096,2.0095,2.0094,2.0093,0,0,0,0,0,0,0,0,0,0,0,0
0,0,0,0,0,0,0,0,0,0,0,0,0,0,0,0,0,0,0,0,0,0,0,0,0,0,0,0,0,0,0,0,0,0,0,0,0,0,0,0,0,0,0,0,0,0,0,0,0,0,0,0,0,0,0,0,0,0,0,0,0,0,0,0,0,0,0,0,0,0,0,0,0,0,0,0,0,0,0,0,0,0,0,0,0,0,0,0,0,0,0,0,0,0,0,0,0,0,0,0,0,0,0,0,0,0,0,0,0,0,0,0,0,0,0,0,0,0,0,0,0
0,0,0,0,0,0,0,0,0,0,0,0,0,0,0,0,0,0,0,0,0,0,0,0,0,0,0,0,0,0,0,0,0,0,0,0,0,0,0,0,0,0,0,0,0,0,0,0,0,0,0,0,0,0,0,0,0,0,0,0,0,0,0,0,0,0,0,0,0,0,0,0,0,0,0,0,0,0,0,0,0,0,0,0,0,0,0,0,0,0,0,0,0,0,0,0,0,0,0,0,0,0,0,0,0,0,0,0,0,0,0,0,0,0,0,0,0,0,0,0,0
0,0,0,0,0,0,0,0,0,0,0,0,0,0,0,0,0,0,0,0,0,0,0,0,0,0,0,0,0,0,0,0,0,0,0,0,0,0,0,0,0,0,0,0,0,0,0,0,0,0,0,0,0,0,0,0,0,0,0,0,0,0,0,0,0,0,0,0,0,0,0,0,0,0,0,0,0,0,0,0,0,0,0,0,0,0,0,0,0,0,0,0,0,0,0,0,0,0,0,0,0,0,0,0,0,0,0,0,0,0,0,0,0,0,0,0,0,0,0,0,0
0,0,0,0,0,0,0,0,0,0,0,0,0,0,0,0,0,0,0,0,0,0,0,0,0,0,0,0,0,0,0,0,0,0,0,0,0,0,0,0,0,0,0,0,0,0,0,0,0,0,0,0,0,0,0,0,0,0,0,0,0,0,0,0,0,0,0,0,0,0,0,0,0,0,0,0,0,0,0,0,0,0,0,0,0,0,0,0,0,0,0,0,0,0,0,0,0,0,0,0,0,0,0,0,0,0,0,0,0,0,0,0,0,0,0,0,0,0,0,0,0
0,0,0,0,0,0,0,0,0,0,0,0,0,0,0,0,0,0,0,0,0,0,0,0,0,0,0,0,0,0,0,0,0,0,0,0,0,0,0,0,0,0,0,0,0,0,0,0,0,0,0,0,0,0,0,0,0,0,0,0,0,0,0,0,0,0,0,0,0,0,0,0,0,0,0,0,0,0,0,0,0,0,0,0,0,0,0,0,0,0,0,0,0,0,0,0,0,0,0,0,0,0,0,0,0,0,0,0,0,0,0,0,0,0,0,0,0,0,0,0,0
0,0,0,0,0,0,0,0,0,0,0,0,0,0,0,0,0,0,0,0,0,0,0,0,0,0,0,0,0,0,0,0,0,0,0,0,0,0,0,0,0,0,0,0,0,0,0,0,0,0,0,0,0,0,0,0,0,0,0,0,0,0,0,0,0,0,0,0,0,0,0,0,0,0,0,0,0,0,0,0,0,0,0,0,0,0,0,0,0,0,0,0,0,0,0,0,0,0,0,0,0,0,0,0,0,0,0,0,0,0,0,0,0,0,0,0,0,0,0,0,0
0,0,0,0,0,0,0,0,0,0,0,0,0,0,0,0,0,0,0,0,0,0,0,0,0,0,0,0,0,0,0,0,0,0,0,0,0,0,0,0,0,0,0,0,0,0,0,0,0,0,0,0,0,0,0,0,0,0,0,0,0,0,0,0,0,0,0,0,0,0,0,0,0,0,0,0,0,0,0,0,0,0,0,0,0,0,0,0,0,0,0,0,0,0,0,0,0,0,0,0,0,0,0,0,0,0,0,0,0,0,0,0,0,0,0,0,0,0,0,0,0
0,0,0,0,0,0,0,0,0,0,0,0,0,0,0,0,0,0,0,0,0,0,0,0,0,0,0,0,0,0,0,0,0,0,0,0,0,0,0,0,0,0,0,0,0,0,0,0,0,0,0,0,0,0,0,0,0,0,0,0,0,0,0,0,0,0,0,0,0,0,0,0,0,0,0,0,0,0,0,0,0,0,0,0,0,0,0,0,0,0,0,0,0,0,0,0,0,0,0,0,0,0,0,0,0,0,0,0,0,0,0,0,0,0,0,0,0,0,0,0,0
0,0,0,0,0,0,0,0,0,0,0,0,0,0,0,0,0,0,0,0,0,0,0,0,0,0,0,0,0,0,0,0,0,0,0,0,0,0,0,0,0,0,0,0,0,0,0,0,0,0,0,0,0,0,0,0,0,0,0,0,0,0,0,0,0,0,0,0,0,0,0,0,0,0,0,0,0,0,0,0,0,0,0,0,0,0,0,0,0,0,0,0,0,0,0,0,0,0,0,0,0,0,0,0,0,0,0,0,0,0,0,0,0,0,0,0,0,0,0,0,0
0,0,0,0,0,0,0,0,0,0,0,0,0,0,0,0,0,0,0,0,0,0,0,0,0,0,0,0,0,0,0,0,0,0,0,0,0,0,0,0,0,0,0,0,0,0,0,0,0,0,0,0,0,0,0,0,0,0,0,0,0,0,0,0,0,0,0,0,0,0,0,0,0,0,0,0,0,0,0,0,0,0,0,0,0,0,0,0,0,0,0,0,0,0,0,0,0,0,0,0,0,0,0,0,0,0,0,0,0,0,0,0,0,0,0,0,0,0,0,0,0
0,0,0,0,0,0,0,0,0,0,0,0,0,0,0,0,0,0,0,0,0,0,0,0,0,0,0,0,0,0,0,0,0,0,0,0,0,0,0,0,0,0,0,0,0,0,0,0,0,0,0,0,0,0,0,0,0,0,0,0,0,0,0,0,0,0,0,0,0,0,0,0,0,0,0,0,0,0,0,0,0,0,0,0,0,0,0,0,0,0,0,0,0,0,0,0,0,0,0,0,0,0,0,0,0,0,0,0,0,0,0,0,0,0,0,0,0,0,0,0,0
0,0,0,0,0,0,0,0,0,0,0,0,0,0,0,0,0,0,0,0,0,0,0,0,0,0,0,0,0,0,0,0,0,0,0,0,0,0,0,0,0,0,0,0,0,0,0,0,0,0,0,0,0,0,0,0,0,0,0,0,0,0,0,0,0,0,0,0,0,0,0,0,0,0,0,0,0,0,0,0,0,0,0,0,0,0,0,0,0,0,0,0,0,0,0,0,0,0,0,0,0,0,0,0,0,0,0,0,0,0,0,0,0,0,0,0,0,0,0,0,0
